saith the LORD,34,30
the Lord GOD,17,30
I will not,14,30
the house of,13,30
and I will,12,30
Thus saith the,9,30
saith the Lord,9,30
For three transgressions,8,30
God of hosts,8,30
LORD For three,8,30
and for four,8,30
and it shall,8,30
away the punishment,8,30
for four I,8,30
four I will,8,30
house of Israel,8,30
not turn away,8,30
of the LORD,8,30
punishment thereof because,8,30
the LORD For,8,30
the punishment thereof,8,30
three transgressions of,8,30
turn away the,8,30
will not turn,8,30
But I will,7,30
I will send,7,30
devour the palaces,7,30
shall devour the,7,30
will send a,7,30
And I will,6,30
and they shall,6,30
go into captivity,6,30
of the earth,6,30
out of the,6,30
send a fire,6,30
the land of,6,30
thereof because they,6,30
children of Israel,5,30
have ye not,5,30
me saith the,5,30
not returned unto,5,30
returned unto me,5,30
the God of,5,30
the day of,5,30
the sword and,5,30
unto me saith,5,30
ye not returned,5,30
yet have ye,5,30
LORD the God,4,30
day of the,4,30
in the midst,4,30
land of Egypt,4,30
me and behold,4,30
the LORD the,4,30
the palaces of,4,30
thus saith the,4,30
which shall devour,4,30
with the sword,4,30
GOD shewed unto,3,30
Lord GOD hath,3,30
Lord GOD shewed,3,30
O house of,3,30
Thus hath the,3,30
a fire upon,3,30
and behold the,3,30
and he shall,3,30
and he that,3,30
and ye shall,3,30
because they have,3,30
by the sword,3,30
cut off the,3,30
day saith the,3,30
earth The LORD,3,30
face of the,3,30
hath sworn by,3,30
hath the Lord,3,30
in that day,3,30
in the day,3,30
in the days,3,30
in the gate,3,30
in the house,3,30
is his name,3,30
it shall devour,3,30
of Judah and,3,30
of my people,3,30
of the house,3,30
of the land,3,30
of the sea,3,30
on the wall,3,30
shall come to,3,30
shall not be,3,30
shewed unto me,3,30
that I will,3,30
that day saith,3,30
the LORD and,3,30
the days of,3,30
the earth The,3,30
the face of,3,30
the midst of,3,30
the midst thereof,3,30
the palaces thereof,3,30
the remnant of,3,30
the wall of,3,30
thence will I,3,30
unto me and,3,30
Amos what seest,2,30
And I said,2,30
And he said,2,30
And it shall,2,30
And the LORD,2,30
And though they,2,30
Behold the days,2,30
For thus saith,2,30
GOD hath sworn,2,30
GOD that I,2,30
Hear this word,2,30
I beseech thee,2,30
I brought up,2,30
I command the,2,30
I said A,2,30
I will bring,2,30
I will cut,2,30
I will raise,2,30
I will set,2,30
I will turn,2,30
In that day,2,30
Israel I will,2,30
Israel saith the,2,30
Israel shall surely,2,30
Jacob saith the,2,30
LORD is his,2,30
LORD repented for,2,30
LORD said unto,2,30
Lord GOD that,2,30
O Lord GOD,2,30
O children of,2,30
O ye children,2,30
Shall not the,2,30
The God of,2,30
The LORD is,2,30
The LORD repented,2,30
The Lord GOD,2,30
Then said the,2,30
Therefore thus saith,2,30
a fire on,2,30
a flood and,2,30
a pair of,2,30
a plumbline in,2,30
again pass by,2,30
against the house,2,30
and Israel shall,2,30
and eat the,2,30
and have taken,2,30
and him that,2,30
and in the,2,30
and not light,2,30
and poureth them,2,30
and the LORD,2,30
and the people,2,30
as by the,2,30
basket of summer,2,30
be saith the,2,30
behold the LORD,2,30
beseech thee by,2,30
but ye shall,2,30
by the flood,2,30
by them any,2,30
by whom shall,2,30
calleth for the,2,30
city and the,2,30
come saith the,2,30
come to pass,2,30
darkness and not,2,30
days come saith,2,30
die by the,2,30
drink the wine,2,30
drowned as by,2,30
excellency of Jacob,2,30
fire in the,2,30
fire on the,2,30
flock and the,2,30
flood of Egypt,2,30
for I will,2,30
for a pair,2,30
for he is,2,30
for it is,2,30
for silver and,2,30
for the waters,2,30
from the land,2,30
have taken nothing,2,30
he is small,2,30
he that is,2,30
high places of,2,30
him that holdeth,2,30
holdeth the sceptre,2,30
house of Jacob,2,30
in all your,2,30
in the city,2,30
in the earth,2,30
in the land,2,30
in the mountain,2,30
in the palaces,2,30
into the house,2,30
is he that,2,30
is the kings,2,30
it is the,2,30
it shall come,2,30
it shall rise,2,30
king of Israel,2,30
midst of the,2,30
midst thereof and,2,30
mountain of Samaria,2,30
my people Israel,2,30
my people of,2,30
not again pass,2,30
not be saith,2,30
of Damascus and,2,30
of Edom and,2,30
of Egypt and,2,30
of Israel and,2,30
of Israel saith,2,30
of Jacob saith,2,30
of Samaria and,2,30
of Samaria which,2,30
of all the,2,30
of hosts is,2,30
of summer fruit,2,30
of the Philistines,2,30
of them shall,2,30
off the inhabitant,2,30
out of their,2,30
out upon the,2,30
pair of shoes,2,30
pass by them,2,30
people of Israel,2,30
poureth them out,2,30
repented for this,2,30
rise up wholly,2,30
said the LORD,2,30
said unto me,2,30
sea and poureth,2,30
shall Jacob arise,2,30
shall cast them,2,30
shall die by,2,30
shall go into,2,30
shall mourn and,2,30
shall no more,2,30
shall rise up,2,30
shall surely go,2,30
silver and the,2,30
sound of the,2,30
surely go into,2,30
that calleth for,2,30
that holdeth the,2,30
that maketh the,2,30
that the LORD,2,30
that we may,2,30
the LORD hath,2,30
the LORD said,2,30
the LORD that,2,30
the LORD unto,2,30
the children of,2,30
the city and,2,30
the days come,2,30
the excellency of,2,30
the flock and,2,30
the flood of,2,30
the fruit of,2,30
the high places,2,30
the house and,2,30
the inhabitant from,2,30
the land and,2,30
the latter growth,2,30
the mountain of,2,30
the poor and,2,30
the poor for,2,30
the sceptre from,2,30
the sea and,2,30
the sound of,2,30
the tabernacle of,2,30
the top of,2,30
the waters of,2,30
the whole captivity,2,30
the word of,2,30
thee by whom,2,30
them and I,2,30
them any more,2,30
them out upon,2,30
them shall not,2,30
there shall be,2,30
thereof because he,2,30
to rain upon,2,30
top of Carmel,2,30
transgressions of Israel,2,30
turn aside the,2,30
up against you,2,30
up from the,2,30
upon the earth,2,30
upon the face,2,30
waters of the,2,30
what seest thou,2,30
whole captivity to,2,30
whom shall Jacob,2,30
will I command,2,30
will cut off,2,30
will not again,2,30
will raise up,2,30
will smite the,2,30
word of the,2,30
ye children of,2,30
ye shall live,2,30
ye shall not,2,30
your young men,2,30
A basket of,1,30
All the sinners,1,30
Also Amaziah said,1,30
Also I brought,1,30
Amaziah I was,1,30
Amaziah said unto,1,30
Amaziah the priest,1,30
Ammon and for,1,30
Amorite before them,1,30
Amos O thou,1,30
Amos and said,1,30
Amos hath conspired,1,30
Amos saith Jeroboam,1,30
Amos who was,1,30
An adversary there,1,30
And I also,1,30
And I raised,1,30
And a mans,1,30
And also I,1,30
And he that,1,30
And in all,1,30
And it came,1,30
And offer a,1,30
And the Lord,1,30
And the high,1,30
And the songs,1,30
And their king,1,30
And they lay,1,30
And they shall,1,30
And ye shall,1,30
Are ye not,1,30
As if a,1,30
As the shepherd,1,30
Ashdod and him,1,30
Ashdod and in,1,30
Ashkelon and I,1,30
Assemble yourselves upon,1,30
Aven and him,1,30
Bashan that are,1,30
Beersheba for Gilgal,1,30
Beersheba liveth even,1,30
Behold I am,1,30
Behold I will,1,30
Behold the eyes,1,30
Bethel and the,1,30
Bethel and transgress,1,30
Bethel for it,1,30
Bethel nor enter,1,30
Bethel sent to,1,30
Bethel shall come,1,30
Bring and let,1,30
But behold I,1,30
But let judgment,1,30
But prophesy not,1,30
But seek not,1,30
But ye gave,1,30
But ye have,1,30
Calneh and see,1,30
Can a bird,1,30
Can two walk,1,30
Caphtor and the,1,30
Carmel I will,1,30
Carmel shall wither,1,30
Chiun your images,1,30
Come to Bethel,1,30
Damascus and cut,1,30
Damascus and for,1,30
Damascus in a,1,30
Damascus saith the,1,30
Dan liveth and,1,30
David that is,1,30
Eden and the,1,30
Edom and for,1,30
Edom and of,1,30
Edom and remembered,1,30
Edom into lime,1,30
Egypt and led,1,30
Egypt and say,1,30
Egypt your young,1,30
Ekron and the,1,30
Ethiopians unto me,1,30
For I know,1,30
For behold the,1,30
For lo I,1,30
For lo he,1,30
For they know,1,30
For thus Amos,1,30
Forasmuch therefore as,1,30
GOD An adversary,1,30
GOD The city,1,30
GOD are upon,1,30
GOD called to,1,30
GOD cease I,1,30
GOD forgive I,1,30
GOD hath spoken,1,30
GOD of hosts,1,30
GOD the God,1,30
GOD there shall,1,30
GOD will do,1,30
Gath of the,1,30
Gaza and for,1,30
Gaza which shall,1,30
Gilead that they,1,30
Gilead with threshing,1,30
Gilgal and pass,1,30
Gilgal multiply transgression,1,30
Gilgal shall surely,1,30
Go prophesy unto,1,30
God O Israel,1,30
God overthrew Sodom,1,30
Gomorrah and ye,1,30
Hamath the great,1,30
Hate the evil,1,30
Have not I,1,30
Have we not,1,30
Have ye offered,1,30
Hazael which shall,1,30
Hear this O,1,30
Hear ye and,1,30
Hear ye this,1,30
Hemath unto the,1,30
Hold thy tongue,1,30
I O Lord,1,30
I a prophets,1,30
I abhor the,1,30
I also have,1,30
I am pressed,1,30
I bring them,1,30
I brought you,1,30
I cause you,1,30
I caused it,1,30
I deliver up,1,30
I despise your,1,30
I destroyed his,1,30
I do unto,1,30
I followed the,1,30
I hate I,1,30
I have given,1,30
I have made,1,30
I have overthrown,1,30
I have sent,1,30
I have smitten,1,30
I have withholden,1,30
I know your,1,30
I known of,1,30
I raise up,1,30
I raised up,1,30
I regard the,1,30
I said O,1,30
I saw the,1,30
I shall visit,1,30
I slain with,1,30
I take up,1,30
I the Amorite,1,30
I was an,1,30
I was no,1,30
I will also,1,30
I will break,1,30
I will build,1,30
I will cause,1,30
I will command,1,30
I will darken,1,30
I will destroy,1,30
I will do,1,30
I will kindle,1,30
I will make,1,30
I will never,1,30
I will pass,1,30
I will plant,1,30
I will punish,1,30
I will rise,1,30
I will search,1,30
I will sift,1,30
I will slay,1,30
I will smite,1,30
Is it not,1,30
Is there yet,1,30
Isaac shall be,1,30
Israel Seek ye,1,30
Israel against the,1,30
Israel among all,1,30
Israel and because,1,30
Israel and drop,1,30
Israel and for,1,30
Israel and they,1,30
Israel be taken,1,30
Israel in the,1,30
Israel is fallen,1,30
Israel out of,1,30
Israel saying Amos,1,30
Israel shall be,1,30
Israel the land,1,30
Israel two years,1,30
Israel upon him,1,30
It is he,1,30
It shall not,1,30
Jacob Surely I,1,30
Jacob and hate,1,30
Jeroboam king of,1,30
Jeroboam shall die,1,30
Jeroboam the son,1,30
Jeroboam with the,1,30
Jerusalem and the,1,30
Joash king of,1,30
Joseph and devour,1,30
Judah and for,1,30
Judah and in,1,30
Judah and it,1,30
Judah and there,1,30
Kir saith the,1,30
Kirioth and Moab,1,30
LORD As the,1,30
LORD Behold I,1,30
LORD God of,1,30
LORD The God,1,30
LORD Thou sayest,1,30
LORD Thy wife,1,30
LORD and have,1,30
LORD and shall,1,30
LORD and ye,1,30
LORD be darkness,1,30
LORD commandeth and,1,30
LORD hath not,1,30
LORD hath spoken,1,30
LORD hath sworn,1,30
LORD is darkness,1,30
LORD saith thus,1,30
LORD standing upon,1,30
LORD stood upon,1,30
LORD that doeth,1,30
LORD that the,1,30
LORD thy God,1,30
LORD took me,1,30
LORD unto me,1,30
LORD unto the,1,30
LORD who store,1,30
LORD whose name,1,30
LORD will roar,1,30
Lord GOD An,1,30
Lord GOD The,1,30
Lord GOD are,1,30
Lord GOD called,1,30
Lord GOD cease,1,30
Lord GOD forgive,1,30
Lord GOD of,1,30
Lord GOD the,1,30
Lord GOD there,1,30
Lord GOD will,1,30
Moab and for,1,30
Moab and it,1,30
Moab shall die,1,30
Moloch and Chiun,1,30
Nazarites wine to,1,30
Neither shall he,1,30
Now therefore hear,1,30
O Dan liveth,1,30
O Israel and,1,30
O thou seer,1,30
O ye that,1,30
Orion and turneth,1,30
Pass ye unto,1,30
Philistines be they,1,30
Philistines from Caphtor,1,30
Philistines shall perish,1,30
Prophesy not against,1,30
Publish in the,1,30
Rabbah and it,1,30
Samaria and behold,1,30
Samaria and say,1,30
Samaria in the,1,30
Samaria which are,1,30
Samaria which oppress,1,30
Saying When will,1,30
Seek good and,1,30
Seek him that,1,30
Seek the LORD,1,30
Seek ye me,1,30
Shall a trumpet,1,30
Shall horses run,1,30
Smite the lintel,1,30
So two or,1,30
Sodom and Gomorrah,1,30
Surely I will,1,30
Surely the Lord,1,30
Syria shall go,1,30
Syrians from Kir,1,30
Take thou away,1,30
Tekoa which he,1,30
Teman which shall,1,30
That chant to,1,30
That drink wine,1,30
That in the,1,30
That lie upon,1,30
That pant after,1,30
That strengtheneth the,1,30
That they may,1,30
That we may,1,30
The LORD The,1,30
The LORD hath,1,30
The LORD will,1,30
The city that,1,30
The end is,1,30
The evil shall,1,30
The lion hath,1,30
The manner of,1,30
The virgin of,1,30
The words of,1,30
Then Amaziah the,1,30
Then answered Amos,1,30
Then said I,1,30
Then shall he,1,30
Therefore now shall,1,30
Therefore the LORD,1,30
Therefore the flight,1,30
Therefore the prudent,1,30
Therefore thus will,1,30
Therefore will I,1,30
They hate him,1,30
They that swear,1,30
This also shall,1,30
Thou sayest Prophesy,1,30
Though they dig,1,30
Though ye offer,1,30
Thus he shewed,1,30
Thy god O,1,30
Thy wife shall,1,30
Tyrus and for,1,30
Tyrus which shall,1,30
Uzziah king of,1,30
Wailing shall be,1,30
When will the,1,30
Will a lion,1,30
Woe to them,1,30
Woe unto you,1,30
Ye that put,1,30
Ye which rejoice,1,30
Ye who turn,1,30
Yet destroyed I,1,30
You only have,1,30
Zion and trust,1,30
Zion and utter,1,30
a basket of,1,30
a bear met,1,30
a bed and,1,30
a bird fall,1,30
a bitter day,1,30
a bribe and,1,30
a cart is,1,30
a city and,1,30
a famine in,1,30
a famine of,1,30
a fire in,1,30
a fire into,1,30
a firebrand plucked,1,30
a gatherer of,1,30
a lamentation O,1,30
a lion and,1,30
a lion roar,1,30
a man and,1,30
a man did,1,30
a mans uncle,1,30
a mighty stream,1,30
a nation O,1,30
a piece of,1,30
a plumbline with,1,30
a polluted land,1,30
a prophets son,1,30
a sacrifice of,1,30
a serpent bit,1,30
a sieve yet,1,30
a snare from,1,30
a snare upon,1,30
a tempest in,1,30
a thing of,1,30
a thirst for,1,30
a thousand shall,1,30
a trumpet be,1,30
a wall made,1,30
a young lion,1,30
abhor him that,1,30
abhor the excellency,1,30
able to bear,1,30
about the land,1,30
above and his,1,30
accept them neither,1,30
adversary there shall,1,30
afflict the just,1,30
afflict you from,1,30
affliction of Joseph,1,30
after the dust,1,30
after the kings,1,30
after the manner,1,30
after the which,1,30
after three years,1,30
again any more,1,30
again the captivity,1,30
against Ekron and,1,30
against Israel and,1,30
against the fortress,1,30
against the strong,1,30
against the whole,1,30
against thee in,1,30
against you O,1,30
against you a,1,30
against you even,1,30
all his words,1,30
all loins and,1,30
all nations like,1,30
all of them,1,30
all pity and,1,30
all streets and,1,30
all that dwell,1,30
all that is,1,30
all the families,1,30
all the heathen,1,30
all the highways,1,30
all the hills,1,30
all the princes,1,30
all vineyards shall,1,30
all your cities,1,30
all your iniquities,1,30
all your places,1,30
all your songs,1,30
also I have,1,30
also have given,1,30
also make gardens,1,30
also shall not,1,30
also the bar,1,30
also visit the,1,30
altar and he,1,30
altar and they,1,30
altar shall be,1,30
altars of Bethel,1,30
am pressed under,1,30
among all nations,1,30
among the herdmen,1,30
among the mighty,1,30
among you the,1,30
an ear so,1,30
an end of,1,30
an end saith,1,30
an evil time,1,30
an harlot in,1,30
an herdman and,1,30
an hundred and,1,30
an hundred shall,1,30
an only son,1,30
and Bethel shall,1,30
and Chiun your,1,30
and Gomorrah and,1,30
and I caused,1,30
and I have,1,30
and Moab shall,1,30
and Orion and,1,30
and The manner,1,30
and a bear,1,30
and a gatherer,1,30
and a man,1,30
and a serpent,1,30
and all that,1,30
and all the,1,30
and all your,1,30
and anoint themselves,1,30
and baldness upon,1,30
and because I,1,30
and behold a,1,30
and behold he,1,30
and bring your,1,30
and cause the,1,30
and caused it,1,30
and close up,1,30
and commanded the,1,30
and createth the,1,30
and cut off,1,30
and cut them,1,30
and declareth unto,1,30
and devour it,1,30
and did cast,1,30
and did eat,1,30
and drink the,1,30
and drop not,1,30
and drowned as,1,30
and establish judgment,1,30
and every one,1,30
and fall to,1,30
and falsifying the,1,30
and fro to,1,30
and from the,1,30
and from thence,1,30
and hate his,1,30
and hath founded,1,30
and have not,1,30
and he kept,1,30
and he said,1,30
and he was,1,30
and he will,1,30
and his anger,1,30
and his father,1,30
and his princes,1,30
and his roots,1,30
and in Damascus,1,30
and inhabit them,1,30
and invent to,1,30
and it devoured,1,30
and it is,1,30
and leaned his,1,30
and leave off,1,30
and led you,1,30
and let us,1,30
and lo it,1,30
and love the,1,30
and maketh the,1,30
and mildew when,1,30
and never rise,1,30
and no brightness,1,30
and not evil,1,30
and not for,1,30
and of all,1,30
and of your,1,30
and offerings in,1,30
and pass not,1,30
and proclaim and,1,30
and prophesy there,1,30
and publish the,1,30
and remembered not,1,30
and righteousness as,1,30
and robbery in,1,30
and said to,1,30
and say Assemble,1,30
and say Thy,1,30
and see and,1,30
and sell the,1,30
and shall be,1,30
and shall not,1,30
and shall say,1,30
and so the,1,30
and stretch themselves,1,30
and such as,1,30
and take them,1,30
and testify in,1,30
and that which,1,30
and the Philistines,1,30
and the Syrians,1,30
and the banquet,1,30
and the calves,1,30
and the end,1,30
and the fruit,1,30
and the great,1,30
and the habitations,1,30
and the horns,1,30
and the houses,1,30
and the little,1,30
and the mountains,1,30
and the needy,1,30
and the oppressed,1,30
and the piece,1,30
and the poor,1,30
and the remnant,1,30
and the sabbath,1,30
and the sanctuaries,1,30
and the shekel,1,30
and the strong,1,30
and the top,1,30
and the treader,1,30
and their lies,1,30
and there be,1,30
and there eat,1,30
and they abhor,1,30
and they drink,1,30
and they turn,1,30
and thou shalt,1,30
and though they,1,30
and thy daughters,1,30
and thy land,1,30
and thy palaces,1,30
and thy sons,1,30
and transgress at,1,30
and treadeth upon,1,30
and trust in,1,30
and turn aside,1,30
and turneth the,1,30
and utter his,1,30
and want of,1,30
and will slay,1,30
and with the,1,30
and ye take,1,30
and ye were,1,30
and young men,1,30
and your fig,1,30
and your meat,1,30
and your mighty,1,30
and your olive,1,30
and your posterity,1,30
and your tithes,1,30
and your vineyards,1,30
anger did tear,1,30
anoint themselves with,1,30
another city one,1,30
answered Amos and,1,30
any more at,1,30
any of their,1,30
any with thee,1,30
are at ease,1,30
are called by,1,30
are in the,1,30
are named chief,1,30
are not grieved,1,30
are skilful of,1,30
are upon the,1,30
as God overthrew,1,30
as I followed,1,30
as a bitter,1,30
as a cart,1,30
as a firebrand,1,30
as a flood,1,30
as a mighty,1,30
as are skilful,1,30
as children of,1,30
as corn is,1,30
as in the,1,30
as the mourning,1,30
as the oaks,1,30
as waters and,1,30
as ye have,1,30
as your treading,1,30
aside the poor,1,30
aside the way,1,30
at Ashdod and,1,30
at Bethel for,1,30
at Gilgal multiply,1,30
at ease in,1,30
at noon and,1,30
at that which,1,30
at the breaches,1,30
away and he,1,30
away captive out,1,30
away captive the,1,30
away from me,1,30
away into the,1,30
away naked in,1,30
away the evil,1,30
away with hooks,1,30
away your horses,1,30
balances by deceit,1,30
baldness upon every,1,30
banquet of them,1,30
bar of Damascus,1,30
battle with a,1,30
be an harlot,1,30
be blown in,1,30
be cast out,1,30
be cut off,1,30
be darkness and,1,30
be desolate and,1,30
be divided by,1,30
be drowned as,1,30
be even round,1,30
be evil in,1,30
be gone that,1,30
be gracious unto,1,30
be hid from,1,30
be howlings in,1,30
be in all,1,30
be laid waste,1,30
be led away,1,30
be many dead,1,30
be none to,1,30
be pulled up,1,30
be taken out,1,30
be that the,1,30
be they better,1,30
be wailing for,1,30
be with you,1,30
bear all his,1,30
bear met him,1,30
because I will,1,30
because he burned,1,30
because he did,1,30
because they carried,1,30
because they delivered,1,30
because they sold,1,30
bed and in,1,30
beds of ivory,1,30
before her and,1,30
before the earthquake,1,30
before their enemies,1,30
before them whose,1,30
beginning of the,1,30
behold I will,1,30
behold a basket,1,30
behold he formed,1,30
behold the Lord,1,30
behold the great,1,30
better than these,1,30
beyond Damascus saith,1,30
bird fall in,1,30
blasting and mildew,1,30
blown in the,1,30
bodies in every,1,30
bones of the,1,30
bones out of,1,30
border greater than,1,30
borne the tabernacle,1,30
bottom of the,1,30
bow and he,1,30
bowls and anoint,1,30
breaches and the,1,30
breaches every cow,1,30
breaches thereof and,1,30
bread and prophesy,1,30
bread in all,1,30
bread nor a,1,30
break also the,1,30
break out like,1,30
bribe and they,1,30
brightness in it,1,30
bring again the,1,30
bring down thy,1,30
bring out the,1,30
bring them down,1,30
bring up sackcloth,1,30
bring your sacrifices,1,30
brother with the,1,30
brought up Israel,1,30
brought up from,1,30
brought you up,1,30
build it as,1,30
build the waste,1,30
buildeth his stories,1,30
built houses of,1,30
burdens of wheat,1,30
burned the bones,1,30
burneth him to,1,30
burning yet have,1,30
burnt offerings and,1,30
but I was,1,30
but he revealeth,1,30
but of hearing,1,30
but they are,1,30
but they were,1,30
buy the poor,1,30
by a plumbline,1,30
by a thousand,1,30
by an hundred,1,30
by every altar,1,30
by fire and,1,30
by himself saith,1,30
by his holiness,1,30
by line and,1,30
by my name,1,30
by our own,1,30
by the excellency,1,30
by the sides,1,30
by the sin,1,30
call the husbandman,1,30
called by my,1,30
called to contend,1,30
calves out of,1,30
came to pass,1,30
camps to come,1,30
can but prophesy,1,30
captive and the,1,30
captive out of,1,30
captive the whole,1,30
captive with the,1,30
captivity and Bethel,1,30
captivity before their,1,30
captivity beyond Damascus,1,30
captivity forth of,1,30
captivity he and,1,30
captivity of my,1,30
captivity to Edom,1,30
captivity to deliver,1,30
captivity unto Kir,1,30
carried away captive,1,30
cart is pressed,1,30
cast off all,1,30
cast out and,1,30
cast them forth,1,30
cast them into,1,30
cause the seat,1,30
cause the sun,1,30
cause you to,1,30
caused it not,1,30
caused it to,1,30
caused them to,1,30
cease I beseech,1,30
cedars and he,1,30
chant to the,1,30
chapel and it,1,30
chief of the,1,30
chief ointments but,1,30
child of Gilead,1,30
children of Ammon,1,30
children of the,1,30
cities and inhabit,1,30
cities and want,1,30
cities wandered unto,1,30
city and caused,1,30
city and thy,1,30
city one piece,1,30
city that went,1,30
city to drink,1,30
city with all,1,30
cleanness of teeth,1,30
climb up to,1,30
close up the,1,30
clothes laid to,1,30
come against the,1,30
come to nought,1,30
come up unto,1,30
come upon my,1,30
come upon you,1,30
command and I,1,30
command the serpent,1,30
command the sword,1,30
commanded the prophets,1,30
commandeth and he,1,30
commandments and their,1,30
concerning Israel in,1,30
condemned in the,1,30
conspired against thee,1,30
contend by fire,1,30
corn is sifted,1,30
corner of a,1,30
couches and eat,1,30
courageous among the,1,30
cow at that,1,30
createth the wind,1,30
crush the needy,1,30
cry out of,1,30
cut off and,1,30
cut them in,1,30
dark and no,1,30
dark with night,1,30
darken the earth,1,30
darkness and treadeth,1,30
daughters shall fall,1,30
day and cause,1,30
day dark with,1,30
day of battle,1,30
day shall the,1,30
day that I,1,30
day will I,1,30
days and I,1,30
days of Jeroboam,1,30
days of Uzziah,1,30
days of old,1,30
days shall come,1,30
dead bodies in,1,30
death into the,1,30
declareth unto man,1,30
deep and did,1,30
deliver himself neither,1,30
deliver them up,1,30
deliver up the,1,30
delivered up the,1,30
den if he,1,30
desire the day,1,30
desolate and the,1,30
despise your feast,1,30
despised the law,1,30
destroy it from,1,30
destroy the house,1,30
destroyed I the,1,30
destroyed his fruit,1,30
devour it and,1,30
devoured the great,1,30
devoured them yet,1,30
did cast off,1,30
did eat up,1,30
did flee from,1,30
did pursue his,1,30
did tear perpetually,1,30
die in a,1,30
die with tumult,1,30
dig into hell,1,30
divided by line,1,30
do nothing but,1,30
do right saith,1,30
do this unto,1,30
do unto thee,1,30
door that the,1,30
down as waters,1,30
down at noon,1,30
down thy strength,1,30
down to Gath,1,30
down upon clothes,1,30
drink and commanded,1,30
drink water but,1,30
drink wine in,1,30
drink wine of,1,30
drop not thy,1,30
drop sweet wine,1,30
dust of the,1,30
dwell in Samaria,1,30
dwell in them,1,30
dwell therein shall,1,30
ear so shall,1,30
earth and have,1,30
earth he that,1,30
earth in the,1,30
earth on the,1,30
earth saving that,1,30
earth therefore I,1,30
earth where no,1,30
ease in Zion,1,30
east they shall,1,30
eat bread and,1,30
eat the fruit,1,30
eat the lambs,1,30
eat up a,1,30
eating the grass,1,30
end is come,1,30
end is it,1,30
end of eating,1,30
end saith the,1,30
end thereof as,1,30
enemies thence will,1,30
enlarge their border,1,30
enter into Gilgal,1,30
entering in of,1,30
ephah small and,1,30
err after the,1,30
escapeth of them,1,30
establish judgment in,1,30
even a lamentation,1,30
even round about,1,30
even they shall,1,30
even thus O,1,30
even to make,1,30
even to the,1,30
even very dark,1,30
every altar and,1,30
every cow at,1,30
every head and,1,30
every morning and,1,30
every one mourn,1,30
every place they,1,30
evil and love,1,30
evil and not,1,30
evil day and,1,30
evil in a,1,30
evil shall not,1,30
evil that ye,1,30
except they be,1,30
eyes of the,1,30
eyes upon them,1,30
faint for thirst,1,30
fair virgins and,1,30
fall and never,1,30
fall by the,1,30
fall in a,1,30
fall to the,1,30
fall upon the,1,30
fallen and close,1,30
fallen she shall,1,30
falsifying the balances,1,30
families of the,1,30
family which I,1,30
famine in the,1,30
famine of bread,1,30
far away the,1,30
father will go,1,30
fathers have walked,1,30
feast days and,1,30
feasts into mourning,1,30
fig trees and,1,30
fire and it,1,30
fire into the,1,30
fire upon Judah,1,30
fire upon Moab,1,30
fire upon Teman,1,30
firebrand plucked out,1,30
first that go,1,30
flee away and,1,30
flee away naked,1,30
flee from a,1,30
flee thee away,1,30
fleeth of them,1,30
flight shall perish,1,30
flood and it,1,30
flood and shall,1,30
followed the flock,1,30
foot shall not,1,30
for Gilgal shall,1,30
for all your,1,30
for evil and,1,30
for prophets and,1,30
for the affliction,1,30
for this It,1,30
for this This,1,30
for this and,1,30
for this liketh,1,30
for water but,1,30
for we may,1,30
for ye have,1,30
force neither shall,1,30
forest when he,1,30
forget any of,1,30
forgive I beseech,1,30
formed grasshoppers in,1,30
formeth the mountains,1,30
forsaken upon her,1,30
forth by an,1,30
forth of his,1,30
forth wheat making,1,30
forth with silence,1,30
forty years O,1,30
forty years through,1,30
founded his troop,1,30
free offerings for,1,30
fro to seek,1,30
from Ashdod and,1,30
from Ashkelon and,1,30
from Caphtor and,1,30
from Jerusalem and,1,30
from Zion and,1,30
from a lion,1,30
from above and,1,30
from him burdens,1,30
from me the,1,30
from my sight,1,30
from off the,1,30
from sea to,1,30
from the earth,1,30
from the entering,1,30
from the house,1,30
from the midst,1,30
from the north,1,30
from the plain,1,30
from the swift,1,30
from thee and,1,30
from their right,1,30
from thence go,1,30
from you when,1,30
fruit from above,1,30
fruit of righteousness,1,30
fruit of them,1,30
full of sheaves,1,30
gall and the,1,30
gardens and eat,1,30
gardens and your,1,30
gate and they,1,30
gate from their,1,30
gate it may,1,30
gatherer of sycomore,1,30
gave the Nazarites,1,30
gin is for,1,30
given them saith,1,30
given you cleanness,1,30
go captive and,1,30
go captive with,1,30
go down at,1,30
go down to,1,30
go flee thee,1,30
go in unto,1,30
go out at,1,30
go ye to,1,30
god O Dan,1,30
god which ye,1,30
gone that we,1,30
good and establish,1,30
good and not,1,30
gracious unto the,1,30
grain fall upon,1,30
grapes him that,1,30
grass of the,1,30
grasshoppers in the,1,30
great and falsifying,1,30
great deep and,1,30
great house with,1,30
great houses shall,1,30
great then go,1,30
great tumults in,1,30
greater than your,1,30
grieved for the,1,30
growth after the,1,30
growth and lo,1,30
habitations of the,1,30
had made an,1,30
hand against Ekron,1,30
hand on the,1,30
hand take them,1,30
handleth the bow,1,30
harlot in the,1,30
harvest and I,1,30
hate I despise,1,30
hate him that,1,30
hate his palaces,1,30
hath conspired against,1,30
hath founded his,1,30
hath no prey,1,30
hath not done,1,30
hath roared who,1,30
hath spoken against,1,30
hath spoken who,1,30
have I known,1,30
have I slain,1,30
have an end,1,30
have borne the,1,30
have built houses,1,30
have despised the,1,30
have given them,1,30
have given you,1,30
have made the,1,30
have not kept,1,30
have overthrown some,1,30
have planted pleasant,1,30
have ripped up,1,30
have sent among,1,30
have smitten you,1,30
have taken away,1,30
have threshed Gilead,1,30
have turned judgment,1,30
have withholden the,1,30
he and his,1,30
he break out,1,30
he burned the,1,30
he did pursue,1,30
he formed grasshoppers,1,30
he hath no,1,30
he have taken,1,30
he kept his,1,30
he revealeth his,1,30
he said Amos,1,30
he said Smite,1,30
he said The,1,30
he saw concerning,1,30
he say Hold,1,30
he shall bite,1,30
he shall bring,1,30
he shall say,1,30
he shewed me,1,30
he stand that,1,30
he that buildeth,1,30
he that burneth,1,30
he that calleth,1,30
he that escapeth,1,30
he that fleeth,1,30
he that formeth,1,30
he that rideth,1,30
he that toucheth,1,30
he was strong,1,30
he will smite,1,30
he will take,1,30
head all of,1,30
head and I,1,30
head of the,1,30
hear the melody,1,30
hear thou the,1,30
hearing the words,1,30
heathen which are,1,30
heaven and hath,1,30
heaven thence will,1,30
height of the,1,30
height was like,1,30
hell thence shall,1,30
her and ye,1,30
her land there,1,30
herdman and a,1,30
herdmen of Tekoa,1,30
hewn stone but,1,30
hid from my,1,30
hide themselves in,1,30
hills shall melt,1,30
him I will,1,30
him burdens of,1,30
him or went,1,30
him saith the,1,30
him that is,1,30
him that maketh,1,30
him that rebuketh,1,30
him that soweth,1,30
him that speaketh,1,30
him to bring,1,30
him up and,1,30
himself neither shall,1,30
himself saith the,1,30
his anger did,1,30
his brother with,1,30
his commandments and,1,30
his den if,1,30
his father will,1,30
his force neither,1,30
his fruit from,1,30
his hand on,1,30
his holiness that,1,30
his palaces therefore,1,30
his princes together,1,30
his roots from,1,30
his ruins and,1,30
his secret unto,1,30
his servants the,1,30
his stories in,1,30
his thought that,1,30
his troop in,1,30
his voice from,1,30
his wrath for,1,30
holiness that lo,1,30
hooks and your,1,30
horns by our,1,30
horns of the,1,30
horse deliver himself,1,30
horses and I,1,30
horses run upon,1,30
hosts I abhor,1,30
hosts and they,1,30
hosts is he,1,30
hosts is his,1,30
hosts shall be,1,30
hosts the LORD,1,30
hosts will be,1,30
house Is there,1,30
house and leaned,1,30
house and shall,1,30
house and the,1,30
house of Eden,1,30
house of Hazael,1,30
house of Isaac,1,30
house of Jeroboam,1,30
house of Joseph,1,30
house of their,1,30
house that they,1,30
house with breaches,1,30
house with clefts,1,30
house with the,1,30
houses of hewn,1,30
houses of ivory,1,30
houses shall have,1,30
howlings in that,1,30
hundred and that,1,30
hundred shall leave,1,30
husbandman to mourning,1,30
if a man,1,30
if he have,1,30
if there remain,1,30
images the star,1,30
in Damascus in,1,30
in Samaria in,1,30
in Zion and,1,30
in a city,1,30
in a couch,1,30
in a polluted,1,30
in a sieve,1,30
in a snare,1,30
in a thing,1,30
in all streets,1,30
in all the,1,30
in all vineyards,1,30
in bowls and,1,30
in every place,1,30
in his hand,1,30
in of Hemath,1,30
in one house,1,30
in that time,1,30
in the beginning,1,30
in the bottom,1,30
in the clear,1,30
in the corner,1,30
in the forest,1,30
in the head,1,30
in the heaven,1,30
in the top,1,30
in the wall,1,30
in the wilderness,1,30
in their palaces,1,30
in them ye,1,30
in unto the,1,30
in your solemn,1,30
increased the palmerworm,1,30
inhabit them and,1,30
inhabitant from Ashdod,1,30
inhabitant from the,1,30
instruments of iron,1,30
instruments of musick,1,30
into Gilgal and,1,30
into captivity and,1,30
into captivity before,1,30
into captivity beyond,1,30
into captivity forth,1,30
into captivity he,1,30
into captivity unto,1,30
into gall and,1,30
into hell thence,1,30
into lamentation and,1,30
into mourning and,1,30
into the land,1,30
into the morning,1,30
into the palace,1,30
invent to themselves,1,30
is The God,1,30
is an evil,1,30
is before her,1,30
is by the,1,30
is come upon,1,30
is courageous among,1,30
is darkness and,1,30
is fallen and,1,30
is fallen she,1,30
is for him,1,30
is forsaken upon,1,30
is full of,1,30
is his thought,1,30
is it for,1,30
is none to,1,30
is not able,1,30
is pressed that,1,30
is sifted in,1,30
is swift of,1,30
is upon the,1,30
it and there,1,30
it as in,1,30
it as the,1,30
it came to,1,30
it devoured the,1,30
it for you,1,30
it from off,1,30
it in Bethel,1,30
it is an,1,30
it may be,1,30
it not even,1,30
it not to,1,30
it rained not,1,30
it shall be,1,30
it shall melt,1,30
it shall slay,1,30
it to rain,1,30
it was the,1,30
ivory and stretch,1,30
ivory shall perish,1,30
judge from the,1,30
judgment in the,1,30
judgment into gall,1,30
judgment run down,1,30
judgment to wormwood,1,30
just they take,1,30
keep silence in,1,30
kept his commandments,1,30
kept his wrath,1,30
kindle a fire,1,30
kine of Bashan,1,30
king of Edom,1,30
king of Judah,1,30
king shall go,1,30
kingdom and I,1,30
kings chapel and,1,30
know not to,1,30
know your manifold,1,30
known of all,1,30
laid to pledge,1,30
laid waste and,1,30
lambs out of,1,30
lamentation O house,1,30
lamentation and I,1,30
lamentation to wailing,1,30
land and Israel,1,30
land and he,1,30
land and it,1,30
land and they,1,30
land is not,1,30
land not a,1,30
land of Judah,1,30
land of the,1,30
land shall be,1,30
land then I,1,30
land there is,1,30
land to fail,1,30
land tremble for,1,30
land which I,1,30
last of them,1,30
latter growth after,1,30
latter growth and,1,30
law of the,1,30
lay themselves down,1,30
leaned his hand,1,30
least grain fall,1,30
leave an hundred,1,30
leave off righteousness,1,30
leave ten to,1,30
leaven and proclaim,1,30
led away captive,1,30
led you forty,1,30
legs or a,1,30
lest he break,1,30
let judgment run,1,30
let us drink,1,30
lie upon beds,1,30
lies caused them,1,30
like a flood,1,30
like as corn,1,30
like fire in,1,30
like the height,1,30
liketh you O,1,30
line and thou,1,30
lintel of the,1,30
lion and a,1,30
lion cry out,1,30
lion hath roared,1,30
lion roar in,1,30
lion two legs,1,30
little house with,1,30
live and so,1,30
live lest he,1,30
liveth and The,1,30
liveth even they,1,30
lo I will,1,30
lo he that,1,30
lo it was,1,30
lo the days,1,30
loins and baldness,1,30
love the good,1,30
made an end,1,30
made by a,1,30
made the stink,1,30
made to yourselves,1,30
maid to profane,1,30
make gardens and,1,30
make it as,1,30
make mention of,1,30
make the poor,1,30
maketh the day,1,30
maketh the morning,1,30
maketh the seven,1,30
making the ephah,1,30
man and his,1,30
man did flee,1,30
man what is,1,30
manifold transgressions and,1,30
manner of Beersheba,1,30
manner of Egypt,1,30
mans uncle shall,1,30
many dead bodies,1,30
masters Bring and,1,30
may be that,1,30
may buy the,1,30
may live and,1,30
may not make,1,30
may possess the,1,30
may sell corn,1,30
may set forth,1,30
may shake and,1,30
me Amos what,1,30
me Go prophesy,1,30
me O children,1,30
me The end,1,30
me and ye,1,30
me as I,1,30
me burnt offerings,1,30
me sacrifices and,1,30
me the noise,1,30
meat offerings I,1,30
meek and a,1,30
meet thy God,1,30
melody of thy,1,30
melt and all,1,30
men faint for,1,30
men for Nazarites,1,30
men have I,1,30
men in one,1,30
mention of the,1,30
met him or,1,30
midst of my,1,30
might enlarge their,1,30
mighty deliver himself,1,30
mighty shall flee,1,30
mighty sins they,1,30
mildew when your,1,30
mine eyes upon,1,30
mine hand against,1,30
mine hand take,1,30
months to the,1,30
moon be gone,1,30
more at Bethel,1,30
more be pulled,1,30
more rise she,1,30
morning and maketh,1,30
morning and your,1,30
morning darkness and,1,30
mountains and createth,1,30
mountains of Samaria,1,30
mountains shall drop,1,30
mourn and it,1,30
mourn and the,1,30
mourn that dwelleth,1,30
mourning and all,1,30
mourning and such,1,30
mourning of an,1,30
mouth of the,1,30
multiply transgression and,1,30
musick like David,1,30
my holy name,1,30
my name saith,1,30
my people shall,1,30
my sight in,1,30
naked in that,1,30
name is The,1,30
name of the,1,30
name saith the,1,30
named chief of,1,30
nation O house,1,30
nations like as,1,30
nations to whom,1,30
needy even to,1,30
needy for a,1,30
needy which say,1,30
neither shall he,1,30
neither shall the,1,30
neither was I,1,30
neither will I,1,30
never forget any,1,30
never rise up,1,30
new moon be,1,30
night that calleth,1,30
no brightness in,1,30
no gin is,1,30
no more be,1,30
no more rise,1,30
no prophet neither,1,30
noise of thy,1,30
none to quench,1,30
none to raise,1,30
noon and I,1,30
nor a thirst,1,30
nor enter into,1,30
nor prevent us,1,30
north even to,1,30
nostrils yet have,1,30
not Bethel nor,1,30
not I brought,1,30
not a famine,1,30
not able to,1,30
not accept them,1,30
not again any,1,30
not against Israel,1,30
not as children,1,30
not be afraid,1,30
not be delivered,1,30
not deliver himself,1,30
not done it,1,30
not drink wine,1,30
not dwell in,1,30
not even thus,1,30
not evil that,1,30
not find it,1,30
not flee away,1,30
not for good,1,30
not grieved for,1,30
not hear the,1,30
not kept his,1,30
not make mention,1,30
not overtake nor,1,30
not satisfied yet,1,30
not smell in,1,30
not strengthen his,1,30
not taken to,1,30
not the brotherly,1,30
not the day,1,30
not the land,1,30
not the least,1,30
not thy word,1,30
not to Beersheba,1,30
not to do,1,30
not to rain,1,30
not utterly destroy,1,30
nothing at all,1,30
nothing but he,1,30
nought which say,1,30
now shall they,1,30
oaks yet I,1,30
of Ammon and,1,30
of Amos who,1,30
of Aven and,1,30
of Bashan that,1,30
of Beersheba liveth,1,30
of Bethel and,1,30
of Bethel sent,1,30
of Carmel I,1,30
of Carmel shall,1,30
of David that,1,30
of Eden and,1,30
of Edom into,1,30
of Egypt saying,1,30
of Egypt your,1,30
of Gaza and,1,30
of Gaza which,1,30
of Gilead that,1,30
of Hazael which,1,30
of Hemath unto,1,30
of Isaac shall,1,30
of Israel I,1,30
of Israel Seek,1,30
of Israel against,1,30
of Israel among,1,30
of Israel be,1,30
of Israel came,1,30
of Israel is,1,30
of Israel saying,1,30
of Israel shall,1,30
of Israel the,1,30
of Israel two,1,30
of Israel upon,1,30
of Jacob Surely,1,30
of Jacob and,1,30
of Jeroboam the,1,30
of Jeroboam with,1,30
of Joash king,1,30
of Joseph and,1,30
of Kirioth and,1,30
of Moab and,1,30
of Rabbah and,1,30
of Syria shall,1,30
of Tekoa which,1,30
of Tyrus and,1,30
of Tyrus which,1,30
of Uzziah king,1,30
of a bed,1,30
of an ear,1,30
of an only,1,30
of battle with,1,30
of bread in,1,30
of bread nor,1,30
of death into,1,30
of eating the,1,30
of foot shall,1,30
of grapes him,1,30
of hearing the,1,30
of hewn stone,1,30
of his den,1,30
of his land,1,30
of hosts I,1,30
of hosts and,1,30
of hosts shall,1,30
of hosts the,1,30
of hosts will,1,30
of ivory and,1,30
of ivory shall,1,30
of lamentation to,1,30
of musick like,1,30
of nought which,1,30
of righteousness into,1,30
of shoes yea,1,30
of sycomore fruit,1,30
of teeth in,1,30
of thanksgiving with,1,30
of the Amorite,1,30
of the Ethiopians,1,30
of the Lord,1,30
of the altar,1,30
of the burning,1,30
of the cedars,1,30
of the children,1,30
of the condemned,1,30
of the door,1,30
of the flock,1,30
of the king,1,30
of the latter,1,30
of the lion,1,30
of the meek,1,30
of the midst,1,30
of the mouth,1,30
of the name,1,30
of the nations,1,30
of the poor,1,30
of the shepherds,1,30
of the shooting,1,30
of the stall,1,30
of the temple,1,30
of the trumpet,1,30
of the viol,1,30
of the wheat,1,30
of the whirlwind,1,30
of the wilderness,1,30
of their god,1,30
of their land,1,30
of their own,1,30
of their works,1,30
of them and,1,30
of them that,1,30
of them with,1,30
of thy songs,1,30
of thy viols,1,30
of violence to,1,30
of wheat ye,1,30
of you as,1,30
of your Moloch,1,30
of your camps,1,30
of your fat,1,30
of your god,1,30
of your sons,1,30
of your young,1,30
off all pity,1,30
off and fall,1,30
off righteousness in,1,30
off the face,1,30
off the judge,1,30
offer a sacrifice,1,30
offer me burnt,1,30
offered unto me,1,30
offerings I will,1,30
offerings and your,1,30
offerings for this,1,30
offerings in the,1,30
offerings of your,1,30
ointments but they,1,30
olive trees increased,1,30
on the head,1,30
one city and,1,30
one city to,1,30
one house that,1,30
one mourn that,1,30
one piece was,1,30
one plow there,1,30
one take up,1,30
only have I,1,30
only son and,1,30
oppress the poor,1,30
oppressed in the,1,30
or a piece,1,30
or their border,1,30
or three cities,1,30
or went into,1,30
our own strength,1,30
out and drowned,1,30
out at the,1,30
out by a,1,30
out like fire,1,30
out of his,1,30
out that dwell,1,30
out the bones,1,30
out thence and,1,30
overtake nor prevent,1,30
overtake the reaper,1,30
overthrew Sodom and,1,30
overthrown some of,1,30
palace saith the,1,30
palaces at Ashdod,1,30
palaces in the,1,30
palaces of Benhadad,1,30
palaces of Bozrah,1,30
palaces of Jerusalem,1,30
palaces of Kirioth,1,30
palaces shall be,1,30
palaces therefore will,1,30
palaces thereof with,1,30
palmerworm devoured them,1,30
pant after the,1,30
pass if there,1,30
pass in that,1,30
pass not to,1,30
pass that when,1,30
pass through thee,1,30
peace offerings of,1,30
people Israel I,1,30
people not be,1,30
people of Syria,1,30
people shall die,1,30
perish and the,1,30
perish from the,1,30
perish saith the,1,30
perpetually and he,1,30
pestilence after the,1,30
piece of an,1,30
piece was rained,1,30
piece whereupon it,1,30
pity and his,1,30
place they shall,1,30
places of Isaac,1,30
places of the,1,30
places yet have,1,30
plain of Aven,1,30
plant them upon,1,30
plant vineyards and,1,30
planted pleasant vineyards,1,30
pleasant vineyards but,1,30
pledge by every,1,30
plow there with,1,30
plowman shall overtake,1,30
plucked out of,1,30
plumbline in his,1,30
plumbline in the,1,30
plumbline with a,1,30
polluted land and,1,30
poor and turn,1,30
poor and ye,1,30
poor for a,1,30
poor for silver,1,30
poor in the,1,30
poor of the,1,30
poor which crush,1,30
possess the land,1,30
possess the remnant,1,30
posterity with fishhooks,1,30
posts may shake,1,30
prepare to meet,1,30
pressed that is,1,30
pressed under you,1,30
priest of Bethel,1,30
princes thereof with,1,30
princes together saith,1,30
proclaim and publish,1,30
profane my holy,1,30
prophesy not again,1,30
prophesy unto my,1,30
prophet neither was,1,30
prophets and of,1,30
prophets saying Prophesy,1,30
prophets son but,1,30
prudent shall keep,1,30
publish the free,1,30
pulled up out,1,30
punish you for,1,30
pursue his brother,1,30
put far away,1,30
quench it in,1,30
rain from you,1,30
rain upon another,1,30
rain upon one,1,30
rained not withered,1,30
rained upon and,1,30
raise her up,1,30
raise up against,1,30
raise up his,1,30
raise up the,1,30
raised up of,1,30
reaper and the,1,30
rebuketh in the,1,30
refuse of the,1,30
regard the peace,1,30
rejoice in a,1,30
remain ten men,1,30
remembered not the,1,30
remnant of Edom,1,30
remnant of Joseph,1,30
remnant of the,1,30
revealeth his secret,1,30
rideth the horse,1,30
right saith the,1,30
righteous for silver,1,30
righteousness as a,1,30
righteousness in the,1,30
righteousness into hemlock,1,30
ripped up the,1,30
rise against the,1,30
rise she is,1,30
rise up again,1,30
river of the,1,30
roar from Zion,1,30
roar in the,1,30
roared who will,1,30
robbery in their,1,30
roots from beneath,1,30
round about the,1,30
ruins and I,1,30
run down as,1,30
run to and,1,30
run upon the,1,30
sabbath that we,1,30
sackcloth upon all,1,30
sacrifice of thanksgiving,1,30
sacrifices and offerings,1,30
sacrifices every morning,1,30
said A basket,1,30
said A plumbline,1,30
said Amos what,1,30
said I O,1,30
said O Lord,1,30
said Smite the,1,30
said The LORD,1,30
said to Amaziah,1,30
said unto Amos,1,30
saith Jeroboam shall,1,30
saith thus Wailing,1,30
same maid to,1,30
sanctuaries of Israel,1,30
satisfied yet have,1,30
saving that I,1,30
saw concerning Israel,1,30
saw the LORD,1,30
say Assemble yourselves,1,30
say Have we,1,30
say Hold thy,1,30
say The evil,1,30
say Thy god,1,30
say in all,1,30
say to their,1,30
say unto him,1,30
sayest Prophesy not,1,30
saying Amos hath,1,30
saying Prophesy not,1,30
sceptre from Ashkelon,1,30
sceptre from the,1,30
sea and from,1,30
sea thence will,1,30
sea to sea,1,30
search and take,1,30
seat of violence,1,30
secret unto his,1,30
see and from,1,30
seed and the,1,30
seek not Bethel,1,30
seek the word,1,30
seer go flee,1,30
sell the refuse,1,30
send a famine,1,30
sent among you,1,30
sent to Jeroboam,1,30
serpent and he,1,30
serpent bit him,1,30
servants the prophets,1,30
set a plumbline,1,30
set forth wheat,1,30
set mine eyes,1,30
seven stars and,1,30
shadow of death,1,30
shake and cut,1,30
shall afflict you,1,30
shall also make,1,30
shall be an,1,30
shall be cast,1,30
shall be cut,1,30
shall be desolate,1,30
shall be divided,1,30
shall be drowned,1,30
shall be even,1,30
shall be howlings,1,30
shall be in,1,30
shall be laid,1,30
shall be many,1,30
shall be removed,1,30
shall be spoiled,1,30
shall be wailing,1,30
shall be with,1,30
shall bite them,1,30
shall bring down,1,30
shall build the,1,30
shall call the,1,30
shall come against,1,30
shall come upon,1,30
shall die with,1,30
shall drop sweet,1,30
shall fall and,1,30
shall fall by,1,30
shall flee away,1,30
shall go out,1,30
shall have an,1,30
shall he say,1,30
shall he stand,1,30
shall he that,1,30
shall keep silence,1,30
shall leave an,1,30
shall leave ten,1,30
shall live lest,1,30
shall melt and,1,30
shall mine hand,1,30
shall not deliver,1,30
shall not drink,1,30
shall not dwell,1,30
shall not find,1,30
shall not flee,1,30
shall not overtake,1,30
shall not strengthen,1,30
shall not the,1,30
shall one take,1,30
shall overtake the,1,30
shall perish and,1,30
shall perish from,1,30
shall perish saith,1,30
shall plant vineyards,1,30
shall run to,1,30
shall say No,1,30
shall say in,1,30
shall say unto,1,30
shall slay them,1,30
shall surely be,1,30
shall take him,1,30
shall the children,1,30
shall the fair,1,30
shall the mighty,1,30
shall there be,1,30
shall they go,1,30
shall visit the,1,30
shall wander from,1,30
shalt die in,1,30
she is forsaken,1,30
she shall no,1,30
shekel great and,1,30
shepherd taketh out,1,30
shepherds shall mourn,1,30
shewed me and,1,30
shoes yea and,1,30
shooting up of,1,30
shouting and with,1,30
shouting in the,1,30
sides of the,1,30
sieve yet shall,1,30
sift the house,1,30
sifted in a,1,30
sight in the,1,30
silence in that,1,30
sin of Samaria,1,30
sinful kingdom and,1,30
sinners of my,1,30
sins they afflict,1,30
skilful of lamentation,1,30
slain with the,1,30
slay all the,1,30
slay the last,1,30
slay them and,1,30
small and the,1,30
smell in your,1,30
smite the great,1,30
smite the winter,1,30
smitten you with,1,30
snare from the,1,30
snare upon the,1,30
so shall the,1,30
so that the,1,30
so the LORD,1,30
sold the righteous,1,30
some of you,1,30
son and the,1,30
son but I,1,30
son of Joash,1,30
songs for I,1,30
songs into lamentation,1,30
songs of the,1,30
sons and thy,1,30
sons for prophets,1,30
soweth seed and,1,30
spoiled against the,1,30
spoiled shall come,1,30
spoken against you,1,30
spoken who can,1,30
stand that handleth,1,30
standing upon the,1,30
star of your,1,30
stars and Orion,1,30
stink of your,1,30
stone but ye,1,30
stood upon a,1,30
store up violence,1,30
stories in the,1,30
streets and they,1,30
strength from thee,1,30
strengthen his force,1,30
strengtheneth the spoiled,1,30
stretch themselves upon,1,30
stretched themselves shall,1,30
strong as the,1,30
strong shall not,1,30
strong so that,1,30
such as are,1,30
summer house and,1,30
sun to go,1,30
surely be led,1,30
swallow up the,1,30
swear by the,1,30
sweet wine and,1,30
swift and the,1,30
swift of foot,1,30
sword and Israel,1,30
sword and did,1,30
sword and have,1,30
sword and it,1,30
sword and thy,1,30
sword he that,1,30
sword which say,1,30
sworn by himself,1,30
sworn by his,1,30
sworn by the,1,30
tabernacle of David,1,30
tabernacle of your,1,30
take a bribe,1,30
take from him,1,30
take him up,1,30
take them out,1,30
take them though,1,30
take up a,1,30
take up against,1,30
take you away,1,30
taken away your,1,30
taken nothing at,1,30
taken out that,1,30
taken to us,1,30
taketh out of,1,30
tear perpetually and,1,30
teeth in all,1,30
tempest in the,1,30
temple shall be,1,30
ten men in,1,30
ten to the,1,30
testify in the,1,30
than these kingdoms,1,30
than your border,1,30
thanksgiving with leaven,1,30
that I shall,1,30
that are at,1,30
that are in,1,30
that buildeth his,1,30
that burneth him,1,30
that day shall,1,30
that day will,1,30
that desire the,1,30
that doeth this,1,30
that dwell in,1,30
that dwell therein,1,30
that dwelleth therein,1,30
that escapeth of,1,30
that fleeth of,1,30
that formeth the,1,30
that go captive,1,30
that handleth the,1,30
that he will,1,30
that is by,1,30
that is courageous,1,30
that is fallen,1,30
that is full,1,30
that is swift,1,30
that is therein,1,30
that lo the,1,30
that put far,1,30
that rebuketh in,1,30
that rideth the,1,30
that soweth seed,1,30
that speaketh uprightly,1,30
that stretched themselves,1,30
that swallow up,1,30
that swear by,1,30
that the plowman,1,30
that the posts,1,30
that the spoiled,1,30
that they might,1,30
that they shall,1,30
that time for,1,30
that toucheth the,1,30
that went out,1,30
that when they,1,30
that which is,1,30
that which went,1,30
that ye may,1,30
the Amorite before,1,30
the Ethiopians unto,1,30
the LORD As,1,30
the LORD Behold,1,30
the LORD God,1,30
the LORD Thou,1,30
the LORD Thy,1,30
the LORD be,1,30
the LORD commandeth,1,30
the LORD is,1,30
the LORD saith,1,30
the LORD standing,1,30
the LORD stood,1,30
the LORD thy,1,30
the LORD took,1,30
the LORD who,1,30
the LORD whose,1,30
the Nazarites wine,1,30
the Philistines be,1,30
the Philistines from,1,30
the Philistines shall,1,30
the Syrians from,1,30
the affliction of,1,30
the altar and,1,30
the altar shall,1,30
the altars of,1,30
the balances by,1,30
the banquet of,1,30
the bar of,1,30
the beginning of,1,30
the bones of,1,30
the bones out,1,30
the bottom of,1,30
the bow and,1,30
the breaches every,1,30
the breaches thereof,1,30
the brotherly covenant,1,30
the burning yet,1,30
the calves out,1,30
the captivity of,1,30
the cedars and,1,30
the chief ointments,1,30
the city with,1,30
the clear day,1,30
the condemned in,1,30
the corner of,1,30
the day dark,1,30
the day that,1,30
the days shall,1,30
the door that,1,30
the dust of,1,30
the earth and,1,30
the earth he,1,30
the earth in,1,30
the earth on,1,30
the earth saving,1,30
the earth therefore,1,30
the earth where,1,30
the east they,1,30
the end thereof,1,30
the entering in,1,30
the ephah small,1,30
the evil and,1,30
the evil day,1,30
the eyes of,1,30
the fair virgins,1,30
the families of,1,30
the first that,1,30
the flight shall,1,30
the forest when,1,30
the free offerings,1,30
the gate and,1,30
the gate from,1,30
the gate it,1,30
the good and,1,30
the grass of,1,30
the great deep,1,30
the great house,1,30
the great houses,1,30
the great then,1,30
the great tumults,1,30
the habitations of,1,30
the harvest and,1,30
the head all,1,30
the head of,1,30
the heathen which,1,30
the heaven and,1,30
the height of,1,30
the herdmen of,1,30
the highways Alas,1,30
the hills shall,1,30
the horns of,1,30
the horse deliver,1,30
the house Is,1,30
the houses of,1,30
the husbandman to,1,30
the judge from,1,30
the just they,1,30
the king of,1,30
the kings chapel,1,30
the kings court,1,30
the kings mowings,1,30
the lambs out,1,30
the land is,1,30
the land not,1,30
the land then,1,30
the land to,1,30
the land tremble,1,30
the last of,1,30
the law of,1,30
the least grain,1,30
the lintel of,1,30
the lion two,1,30
the little house,1,30
the manner of,1,30
the meek and,1,30
the melody of,1,30
the mighty deliver,1,30
the mighty shall,1,30
the morning and,1,30
the morning darkness,1,30
the mountains and,1,30
the mountains of,1,30
the mountains shall,1,30
the mourning of,1,30
the mouth of,1,30
the name of,1,30
the nations to,1,30
the needy even,1,30
the needy for,1,30
the needy which,1,30
the new moon,1,30
the noise of,1,30
the north even,1,30
the oaks yet,1,30
the oppressed in,1,30
the palace saith,1,30
the palaces at,1,30
the palaces in,1,30
the palmerworm devoured,1,30
the peace offerings,1,30
the people not,1,30
the people of,1,30
the pestilence after,1,30
the piece whereupon,1,30
the plain of,1,30
the plowman shall,1,30
the poor in,1,30
the poor of,1,30
the poor which,1,30
the posts may,1,30
the priest of,1,30
the princes thereof,1,30
the prophets saying,1,30
the prudent shall,1,30
the rain from,1,30
the reaper and,1,30
the refuse of,1,30
the righteous for,1,30
the river of,1,30
the sabbath that,1,30
the same maid,1,30
the sanctuaries of,1,30
the sea thence,1,30
the seat of,1,30
the serpent and,1,30
the seven stars,1,30
the shadow of,1,30
the shekel great,1,30
the shepherd taketh,1,30
the shepherds shall,1,30
the shooting up,1,30
the sides of,1,30
the sin of,1,30
the sinful kingdom,1,30
the sinners of,1,30
the son of,1,30
the songs of,1,30
the spoiled against,1,30
the spoiled shall,1,30
the star of,1,30
the stink of,1,30
the strong shall,1,30
the strong so,1,30
the summer house,1,30
the sun to,1,30
the swift and,1,30
the sword he,1,30
the sword which,1,30
the temple shall,1,30
the transgressions of,1,30
the treader of,1,30
the viol and,1,30
the wall and,1,30
the waste cities,1,30
the way of,1,30
the which their,1,30
the whole family,1,30
the wilderness forty,1,30
the wilderness to,1,30
the wind and,1,30
the wine of,1,30
the wine thereof,1,30
the winter house,1,30
the women with,1,30
the words of,1,30
thee O Israel,1,30
thee and thy,1,30
thee away into,1,30
thee in the,1,30
thee prepare to,1,30
thee saith the,1,30
their border greater,1,30
their couches and,1,30
their enemies thence,1,30
their fathers have,1,30
their king shall,1,30
their land and,1,30
their land which,1,30
their lies caused,1,30
their masters Bring,1,30
their own land,1,30
them and they,1,30
them for evil,1,30
them forth with,1,30
them in the,1,30
them into the,1,30
them neither will,1,30
them out thence,1,30
them saith the,1,30
them that are,1,30
them that stretched,1,30
them though they,1,30
them to err,1,30
them up to,1,30
them upon their,1,30
them whose height,1,30
them with the,1,30
them ye have,1,30
them yet have,1,30
themselves down upon,1,30
themselves in the,1,30
themselves instruments of,1,30
themselves shall be,1,30
themselves upon their,1,30
themselves with the,1,30
then I said,1,30
then go down,1,30
thence and though,1,30
thence go ye,1,30
thence shall mine,1,30
there be evil,1,30
there be none,1,30
there eat bread,1,30
there is none,1,30
there remain ten,1,30
there were yet,1,30
there with oxen,1,30
there yet any,1,30
therefore I will,1,30
therefore as your,1,30
therefore hear thou,1,30
therefore will I,1,30
therein shall mourn,1,30
thereof and I,1,30
thereof and the,1,30
thereof and will,1,30
thereof as a,1,30
thereof they shall,1,30
thereof with him,1,30
thereof with shouting,1,30
they abhor him,1,30
they afflict the,1,30
they are not,1,30
they be agreed,1,30
they be hid,1,30
they better than,1,30
they carried away,1,30
they climb up,1,30
they delivered up,1,30
they dig into,1,30
they drink the,1,30
they go captive,1,30
they go into,1,30
they had made,1,30
they have despised,1,30
they have ripped,1,30
they have threshed,1,30
they hide themselves,1,30
they know not,1,30
they lay themselves,1,30
they may possess,1,30
they might enlarge,1,30
they shall afflict,1,30
they shall also,1,30
they shall build,1,30
they shall call,1,30
they shall cast,1,30
they shall die,1,30
they shall fall,1,30
they shall no,1,30
they shall plant,1,30
they shall run,1,30
they shall say,1,30
they shall wander,1,30
they sold the,1,30
they take a,1,30
they turn aside,1,30
they were not,1,30
thing of nought,1,30
thirst for water,1,30
this It shall,1,30
this O ye,1,30
this This also,1,30
this and every,1,30
this liketh you,1,30
this unto thee,1,30
this word that,1,30
this word which,1,30
this word ye,1,30
thou away from,1,30
thou seer go,1,30
thou shalt die,1,30
thou the word,1,30
though they be,1,30
though they climb,1,30
though they go,1,30
though they hide,1,30
thought that maketh,1,30
thousand shall leave,1,30
three cities wandered,1,30
three months to,1,30
threshed Gilead with,1,30
threshing instruments of,1,30
through the wilderness,1,30
through thee saith,1,30
thus Amos saith,1,30
thus O ye,1,30
thus Wailing shall,1,30
thus will I,1,30
thy God O,1,30
thy daughters shall,1,30
thy land shall,1,30
thy palaces shall,1,30
thy songs for,1,30
thy sons and,1,30
thy strength from,1,30
thy tongue for,1,30
thy word against,1,30
time for it,1,30
tithes after three,1,30
to Amaziah I,1,30
to Beersheba for,1,30
to Bethel and,1,30
to Edom and,1,30
to Gath of,1,30
to Hamath the,1,30
to Jeroboam king,1,30
to and fro,1,30
to bear all,1,30
to bring out,1,30
to come near,1,30
to come up,1,30
to contend by,1,30
to deliver them,1,30
to do right,1,30
to drink and,1,30
to drink water,1,30
to err after,1,30
to go down,1,30
to go into,1,30
to heaven thence,1,30
to make the,1,30
to meet thy,1,30
to mourning and,1,30
to pass if,1,30
to pass in,1,30
to pass that,1,30
to pledge by,1,30
to possess the,1,30
to profane my,1,30
to quench it,1,30
to raise her,1,30
to sea and,1,30
to seek the,1,30
to the east,1,30
to the ground,1,30
to the harvest,1,30
to the house,1,30
to the sound,1,30
to their masters,1,30
to them that,1,30
to themselves instruments,1,30
to us horns,1,30
to what end,1,30
to whom the,1,30
to wormwood and,1,30
together except they,1,30
together saith the,1,30
tongue for we,1,30
took me as,1,30
toucheth the land,1,30
transgress at Gilgal,1,30
transgression and bring,1,30
transgressions and your,1,30
transgressions of Damascus,1,30
transgressions of Edom,1,30
transgressions of Gaza,1,30
transgressions of Judah,1,30
transgressions of Moab,1,30
transgressions of Tyrus,1,30
transgressions of the,1,30
treader of grapes,1,30
treadeth upon the,1,30
treading is upon,1,30
trees and your,1,30
trees increased the,1,30
tremble for this,1,30
troop in the,1,30
trumpet be blown,1,30
trust in the,1,30
tumult with shouting,1,30
tumults in the,1,30
turn judgment to,1,30
turn mine hand,1,30
turn your feasts,1,30
turned judgment into,1,30
turneth the shadow,1,30
two legs or,1,30
two or three,1,30
two walk together,1,30
two years before,1,30
uncle shall take,1,30
under you as,1,30
unto Amos O,1,30
unto Calneh and,1,30
unto Kir saith,1,30
unto him that,1,30
unto his servants,1,30
unto man what,1,30
unto me Amos,1,30
unto me Go,1,30
unto me O,1,30
unto me The,1,30
unto me sacrifices,1,30
unto my people,1,30
unto one city,1,30
unto the house,1,30
unto the remnant,1,30
unto the river,1,30
unto the same,1,30
unto thee O,1,30
unto thee prepare,1,30
unto you that,1,30
unto your nostrils,1,30
up Israel out,1,30
up a part,1,30
up a snare,1,30
up and he,1,30
up his ruins,1,30
up of the,1,30
up of your,1,30
up out of,1,30
up sackcloth upon,1,30
up the breaches,1,30
up the city,1,30
up the needy,1,30
up the tabernacle,1,30
up the whole,1,30
up the women,1,30
up to Edom,1,30
up to heaven,1,30
up unto your,1,30
up violence and,1,30
up wholly as,1,30
up wholly like,1,30
upon Judah and,1,30
upon Moab and,1,30
upon Teman which,1,30
upon a wall,1,30
upon all loins,1,30
upon and the,1,30
upon another city,1,30
upon beds of,1,30
upon clothes laid,1,30
upon every head,1,30
upon her land,1,30
upon him I,1,30
upon my people,1,30
upon one city,1,30
upon the altar,1,30
upon the high,1,30
upon the mountains,1,30
upon the poor,1,30
upon the rock,1,30
upon the sinful,1,30
upon their couches,1,30
upon their land,1,30
upon them for,1,30
upon you that,1,30
us horns by,1,30
utter his voice,1,30
utterly destroy the,1,30
very dark and,1,30
vineyards and drink,1,30
vineyards and your,1,30
vineyards but ye,1,30
vineyards shall be,1,30
viol and invent,1,30
violence and robbery,1,30
violence to come,1,30
virgin of Israel,1,30
virgins and young,1,30
visit the altars,1,30
visit the transgressions,1,30
voice from Jerusalem,1,30
wailing for I,1,30
walk together except,1,30
wall and a,1,30
wall made by,1,30
wall of Gaza,1,30
wall of Rabbah,1,30
wall of Tyrus,1,30
wander from sea,1,30
wandered unto one,1,30
want of bread,1,30
was I a,1,30
was among the,1,30
was an herdman,1,30
was like the,1,30
was no prophet,1,30
was rained upon,1,30
was strong as,1,30
was the latter,1,30
waste and I,1,30
waste cities and,1,30
water but of,1,30
water but they,1,30
waters and righteousness,1,30
way of the,1,30
we may buy,1,30
we may not,1,30
we may sell,1,30
we may set,1,30
we not taken,1,30
went forth by,1,30
went into the,1,30
went out by,1,30
were as a,1,30
were not satisfied,1,30
were yet three,1,30
what end is,1,30
what is his,1,30
wheat making the,1,30
wheat ye have,1,30
when he hath,1,30
when there were,1,30
when they had,1,30
when your gardens,1,30
where no gin,1,30
whereupon it rained,1,30
which I brought,1,30
which I have,1,30
which I take,1,30
which are called,1,30
which are named,1,30
which crush the,1,30
which he saw,1,30
which is before,1,30
which oppress the,1,30
which rejoice in,1,30
which say Have,1,30
which say The,1,30
which say to,1,30
which their fathers,1,30
which went forth,1,30
which ye made,1,30
who can but,1,30
who store up,1,30
who turn judgment,1,30
who was among,1,30
who will not,1,30
whole family which,1,30
wholly as a,1,30
wholly like a,1,30
whom the house,1,30
whose height was,1,30
whose name is,1,30
wife shall be,1,30
wilderness forty years,1,30
wilderness to possess,1,30
will I bring,1,30
will I cause,1,30
will I deliver,1,30
will I do,1,30
will I raise,1,30
will I regard,1,30
will a young,1,30
will also visit,1,30
will be gracious,1,30
will break also,1,30
will bring again,1,30
will bring up,1,30
will build it,1,30
will cause the,1,30
will command and,1,30
will darken the,1,30
will destroy it,1,30
will do nothing,1,30
will do this,1,30
will go in,1,30
will kindle a,1,30
will make it,1,30
will never forget,1,30
will not accept,1,30
will not fear,1,30
will not hear,1,30
will not smell,1,30
will not utterly,1,30
will one plow,1,30
will pass through,1,30
will plant them,1,30
will punish you,1,30
will rise against,1,30
will roar from,1,30
will search and,1,30
will set a,1,30
will set mine,1,30
will sift the,1,30
will slay all,1,30
will slay the,1,30
will take you,1,30
will the new,1,30
will turn mine,1,30
will turn your,1,30
wind and declareth,1,30
wine and all,1,30
wine in bowls,1,30
wine of the,1,30
wine of them,1,30
wine thereof they,1,30
wine to drink,1,30
winter house with,1,30
with a plumbline,1,30
with a tempest,1,30
with all that,1,30
with blasting and,1,30
with breaches and,1,30
with child of,1,30
with him saith,1,30
with hooks and,1,30
with leaven and,1,30
with night that,1,30
with shouting and,1,30
with shouting in,1,30
with the chief,1,30
with the first,1,30
with the sound,1,30
with the summer,1,30
with threshing instruments,1,30
with tumult with,1,30
with you as,1,30
withholden the rain,1,30
women with child,1,30
word against the,1,30
word that the,1,30
word which I,1,30
word ye kine,1,30
words of Amos,1,30
words of the,1,30
wormwood and leave,1,30
wrath for ever,1,30
ye and testify,1,30
ye gave the,1,30
ye have borne,1,30
ye have built,1,30
ye have planted,1,30
ye have spoken,1,30
ye have turned,1,30
ye kine of,1,30
ye made to,1,30
ye may live,1,30
ye me and,1,30
ye not as,1,30
ye offer me,1,30
ye offered unto,1,30
ye shall cast,1,30
ye shall go,1,30
ye take from,1,30
ye that swallow,1,30
ye this word,1,30
ye to Hamath,1,30
ye unto Calneh,1,30
ye were as,1,30
yea and sell,1,30
years O house,1,30
years before the,1,30
years through the,1,30
yet I destroyed,1,30
yet any with,1,30
yet shall not,1,30
yet three months,1,30
you O children,1,30
you O ye,1,30
you a nation,1,30
you as God,1,30
you as a,1,30
you as ye,1,30
you away with,1,30
you cleanness of,1,30
you even a,1,30
you for all,1,30
you forty years,1,30
you from the,1,30
you that desire,1,30
you that he,1,30
you the pestilence,1,30
you to go,1,30
you up from,1,30
you when there,1,30
you with blasting,1,30
young lion cry,1,30
young men faint,1,30
young men for,1,30
young men have,1,30
your Moloch and,1,30
your camps to,1,30
your cities and,1,30
your fat beasts,1,30
your feast days,1,30
your feasts into,1,30
your fig trees,1,30
your gardens and,1,30
your god which,1,30
your horses and,1,30
your images the,1,30
your manifold transgressions,1,30
your meat offerings,1,30
your mighty sins,1,30
your nostrils yet,1,30
your olive trees,1,30
your places yet,1,30
your posterity with,1,30
your sacrifices every,1,30
your solemn assemblies,1,30
your songs into,1,30
your sons for,1,30
your tithes after,1,30
your treading is,1,30
your vineyards and,1,30
yourselves upon the,1,30
