the,62064
and,38847
of,34427
to,13378
And,12846
that,12577
in,12331
shall,9760
he,9666
unto,8940
I,8854
his,8385
a,7943
for,7228
they,6970
be,6877
is,6832
him,6649
not,6553
LORD,6539
them,6425
with,5961
it,5891
all,5426
thou,4890
was,4515
thy,4450
which,4283
my,4135
me,4092
God,4085
said,3995
their,3874
have,3843
thee,3826
will,3807
ye,3700
from,3579
as,3261
are,2912
were,2767
out,2751
upon,2730
you,2613
man,2600
Israel,2564
by,2540
when,2485
this,2455
but,2434
up,2372
hath,2239
king,2181
people,2139
came,2091
there,2086
son,2085
had,2025
house,2023
into,2014
her,1976
on,1969
come,1849
one,1845
The,1842
children,1798
before,1775
your,1755
For,1743
day,1731
land,1718
an,1673
also,1665
against,1657
we,1643
men,1635
shalt,1613
But,1558
at,1507
hand,1466
us,1448
made,1405
went,1399
saying,1390
Then,1374
no,1343
do,1301
even,1297
saith,1262
go,1257
every,1178
things,1162
our,1131
down,1125
sons,1116
if,1110
after,1103
let,1081
or,1067
so,1067
O,1065
Lord,1055
hast,1036
may,1024
David,1011
say,1010
make,1008
because,1006
over,1003
these,999
earth,985
Jesus,977
did,977
great,948
she,929
name,927
thine,916
any,912
away,910
thereof,906
among,903
forth,888
put,881
days,876
city,868
brought,862
am,856
Moses,847
heart,830
pass,822
two,821
Judah,812
Jerusalem,811
therefore,802
then,795
give,792
neither,776
should,768
according,762
He,754
took,749
nor,746
behold,730
whom,730
know,729
offering,724
father,719
place,717
take,715
now,713
good,711
who,690
word,690
more,685
sent,684
fathers,682
bring,678
set,676
way,664
like,656
what,650
eat,649
Now,643
heard,641
again,629
about,628
called,624
mine,623
time,623
So,622
kings,613
Egypt,611
evil,610
Behold,596
own,596
hundred,590
spake,585
Thou,584
heaven,577
done,565
yet,564
see,558
Christ,555
brethren,551
fire,548
words,548
saw,547
thing,541
years,541
many,535
himself,526
law,523
thousand,520
off,507
voice,505
eyes,503
given,498
priest,496
answered,492
servant,489
If,485
servants,485
together,484
cast,482
than,481
three,477
ever,475
might,475
holy,467
gave,465
other,464
hands,462
soul,457
life,450
through,450
cities,448
seven,448
Thus,447
blood,447
priests,446
those,446
another,445
art,444
speak,444
commanded,443
would,443
side,442
sin,441
hear,440
Therefore,435
first,433
Let,430
mouth,423
sword,422
flesh,420
without,420
work,419
gold,417
face,416
themselves,409
They,406
peace,403
found,402
sea,400
glory,397
water,396
wife,396
under,391
Saul,389
high,383
old,380
altar,378
death,369
how,369
year,367
burnt,366
brother,364
congregation,364
midst,364
head,363
dead,362
drink,361
bread,359
right,359
Jacob,358
both,352
When,349
left,348
until,348
woman,348
none,346
toward,346
wicked,343
five,342
kingdom,342
fear,341
keep,341
stood,339
taken,338
dwell,337
spirit,337
In,336
nations,336
That,335
What,335
sight,333
same,332
been,331
where,329
This,328
tabernacle,327
four,326
cause,324
daughter,321
die,321
round,320
Aaron,319
silver,318
cut,317
end,307
night,305
wilderness,304
love,303
pray,303
righteousness,302
GOD,300
hosts,299
young,298
judgment,293
covenant,292
field,291
twenty,291
delivered,290
meat,290
thus,290
spoken,287
turned,287
world,287
waters,286
Babylon,285
Son,285
whose,284
chief,283
mighty,283
much,283
Ye,282
cometh,281
told,281
being,280
Solomon,279
laid,279
seed,279
Who,278
iniquity,278
seen,277
written,277
gate,275
rest,274
deliver,273
mercy,272
power,272
princes,272
enemies,269
gathered,267
light,267
Levites,265
offerings,265
mount,263
Wherefore,261
Father,260
As,259
full,259
very,257
daughters,256
feet,256
Philistines,254
strong,254
Jews,253
destroy,253
stand,253
month,250
whole,250
fall,249
faith,247
turn,247
ten,246
wise,246
such,245
well,245
disciples,244
live,244
mother,244
fell,243
multitude,243
return,243
gods,242
prophets,241
tribe,241
strength,240
inheritance,239
little,238
works,238
It,237
prophet,237
lord,236
Go,235
righteous,235
yea,235
A,234
anger,234
offer,234
My,233
truth,233
between,232
lay,232
Abraham,231
seek,231
ark,230
therein,230
wine,230
smote,229
Joseph,228
morning,227
These,226
concerning,226
dwelt,226
Pharaoh,225
begat,225
war,225
nothing,223
wisdom,223
known,221
above,220
only,220
some,220
save,217
Joshua,216
departed,216
places,215
sacrifice,215
thyself,215
wilt,215
bear,214
part,214
can,213
cubits,213
gone,213
There,212
near,211
long,210
send,210
lest,209
fruit,208
serve,207
walk,207
poor,205
ways,205
temple,204
Because,203
inhabitants,202
We,201
child,201
oil,201
tree,201
died,200
cried,199
praise,199
Jordan,197
angel,197
wrath,197
manner,196
slew,196
surely,196
certain,195
All,194
afraid,193
unclean,193
ground,192
host,192
sat,192
stone,191
yourselves,191
door,190
six,190
book,188
tell,188
sheep,187
broken,186
twelve,186
while,186
bare,185
doth,185
cannot,184
returned,184
slain,183
within,183
blessed,182
third,182
Of,181
beast,180
judge,180
though,180
women,180
began,179
call,179
country,179
elders,179
stones,179
wall,179
To,177
commandment,177
mountains,177
reigned,176
throne,176
kept,175
number,175
river,175
How,174
body,174
cry,174
families,174
hold,174
Ephraim,173
arose,173
having,173
sins,173
commandments,171
knowledge,171
battle,170
far,170
receive,170
rejoice,170
thirty,170
built,169
knew,169
second,169
Moab,168
Spirit,168
destroyed,167
reign,167
could,165
joy,165
Benjamin,162
darkness,162
throughout,162
passed,161
till,161
able,160
Take,159
filled,159
received,159
understanding,159
Peter,158
border,158
born,158
build,158
lifted,158
salvation,158
sun,158
east,157
trees,157
whether,157
Paul,156
beasts,156
find,156
fifty,155
Is,154
back,154
vessels,154
cattle,153
Zion,152
forty,152
wherein,152
ears,151
lie,151
shew,151
heathen,150
new,150
Thy,148
desolate,147
living,147
Jeremiah,146
fled,146
gather,146
grace,146
carried,145
sake,145
thence,145
times,145
Holy,144
Moreover,144
enter,144
gates,144
nation,144
Manasseh,143
looked,143
offered,143
south,143
Samuel,142
Why,142
counsel,141
here,141
money,140
why,140
wood,140
believe,139
captain,139
valley,139
burn,138
Joab,137
look,137
opened,137
Be,136
camp,136
half,136
mountain,136
sabbath,136
sanctuary,136
whatsoever,136
become,135
break,135
goeth,135
houses,135
witness,135
heavens,134
clean,133
meet,132
north,132
service,132
statutes,132
whosoever,132
John,131
most,131
must,131
rose,131
wives,131
Which,130
fat,130
Gentiles,129
hid,129
incense,129
stranger,129
tongue,129
Hezekiah,128
Isaac,128
hope,128
numbered,128
answer,127
captivity,127
names,127
trust,127
appointed,126
brass,126
giveth,126
judgments,126
maketh,126
rise,126
kill,125
sought,125
wickedness,125
Samaria,124
beside,123
chosen,123
family,123
feast,123
hearken,123
wind,123
Come,122
One,122
ashamed,122
court,122
walked,122
didst,121
mans,121
pieces,121
Blessed,120
ear,120
help,120
husband,120
perish,120
seventh,120
Yet,119
asked,119
captains,119
lips,119
sinned,119
Assyria,118
Jonathan,118
generations,118
myself,118
spoil,118
lo,117
believed,116
hearts,116
presence,116
smite,116
suburbs,115
mayest,114
open,114
chariots,113
eye,113
firstborn,113
tribes,113
bless,112
fine,112
leave,112
vain,112
flock,111
horses,111
rock,111
Hear,110
desire,110
heads,110
slay,110
prayer,109
sister,109
spread,109
LORDs,108
alone,108
depart,108
dust,108
followed,108
sweet,108
worship,108
cloud,107
enemy,107
entered,107
generation,107
whither,107
became,106
possess,106
present,106
trouble,106
Yea,105
beginning,105
better,105
buried,105
covered,105
eaten,105
shut,105
wherewith,105
Also,104
bound,104
bullock,104
fight,104
knoweth,104
linen,104
possession,104
saved,104
wait,104
Absalom,103
Neither,103
garments,103
Egyptians,102
Jeroboam,102
corn,102
idols,102
morrow,102
oxen,102
rain,102
beloved,101
charge,101
clothes,101
gospel,101
honour,101
prepared,101
remember,101
still,101
teach,101
utterly,101
Gilead,100
coming,100
image,100
master,100
minister,100
nigh,100
portion,100
ready,100
shame,100
sit,100
wrought,100
bones,99
perfect,99
anointed,98
burned,98
curse,98
flee,98
iron,98
loved,98
plague,98
seeing,98
sore,98
tent,98
everlasting,97
goats,97
lion,97
prince,97
small,97
Even,96
angels,96
command,96
consumed,96
doeth,96
famine,96
liveth,96
pure,96
riches,96
saints,96
shekels,96
foot,95
ought,95
thither,95
bow,94
caused,94
hour,94
mind,94
stead,94
Ahab,92
ask,92
committed,92
going,92
remnant,92
sing,92
threescore,92
Ammon,91
Canaan,91
removed,91
top,91
Ghost,90
bed,90
destruction,90
just,90
prison,90
ram,90
Pharisees,89
breadth,89
glad,89
pillars,89
Esau,88
His,88
Surely,88
alive,88
noise,88
pit,88
sick,88
sound,88
Give,87
get,87
reproach,87
suffer,87
understand,87
wherefore,87
Edom,86
ass,86
company,86
early,86
garment,86
greatly,86
hate,86
increase,86
rod,86
Jehoshaphat,85
carry,85
declare,85
drew,85
fast,85
lift,85
never,85
raised,85
wash,85
By,84
fourth,84
last,84
poured,84
ruler,84
vanity,84
Daniel,83
mothers,83
army,82
fulfilled,82
pitched,82
sold,82
trespass,82
atonement,81
blind,81
continually,81
hearkened,81
lambs,81
rich,81
taught,81
tenth,81
thought,81
abroad,80
eight,80
flocks,80
heed,80
matter,80
rivers,80
rulers,80
sleep,80
write,80
bringeth,79
faithful,79
fallen,79
healed,79
messengers,79
ones,79
prophesy,79
reward,79
sacrifices,79
souls,79
strangers,79
true,79
vision,79
Shall,78
bowed,78
knowest,78
labour,78
likewise,78
rams,78
remain,78
shewed,78
sware,78
Amen,77
Woe,77
abide,77
church,77
lamb,77
After,76
abomination,76
arise,76
greater,76
hide,76
hill,76
length,76
lot,76
sign,76
skin,76
strange,76
wings,76
Selah,75
Syria,75
abominations,75
affliction,75
branches,75
follow,75
forsaken,75
moved,75
passover,75
plain,75
precious,75
testimony,75
villages,75
white,75
Eleazar,74
Reuben,74
dream,74
established,74
feared,74
feed,74
served,74
speaketh,74
taketh,74
Amorites,73
Arise,73
Hebron,73
behind,73
brake,73
clothed,73
commit,73
faces,73
prey,73
shadow,73
table,73
Dan,72
Gad,72
Galilee,72
Levi,72
Verily,72
Where,72
aside,72
images,72
Lebanon,71
defiled,71
devour,71
doors,71
dry,71
reason,71
scattered,71
ship,71
shouldest,71
stretched,71
thanks,71
wept,71
womb,71
King,70
Nevertheless,70
appeared,70
cover,70
scribes,70
worshipped,70
youth,70
Elijah,69
Simon,69
Speak,69
abode,69
burden,69
divided,69
fury,69
indeed,69
measure,69
prepare,69
sorrow,69
vineyard,69
west,69
whereof,69
abundance,68
cup,68
led,68
read,68
secret,68
troubled,68
verily,68
Do,67
beseech,67
grave,67
hither,67
horns,67
killed,67
neighbour,67
upright,67
worthy,67
Bethel,66
Chaldeans,66
acts,66
arm,66
chambers,66
crown,66
fool,66
golden,66
hills,66
kindled,66
rent,66
run,66
show,66
tents,66
thereon,66
walls,66
wast,66
blessing,65
cease,65
few,65
loveth,65
prayed,65
rule,65
soon,65
streets,65
Abimelech,64
Jericho,64
asses,64
chariot,64
deep,64
exalted,64
fail,64
fought,64
hair,64
obey,64
others,64
ox,64
parts,64
waste,64
At,63
Baal,63
From,63
daily,63
draw,63
false,63
judged,63
loins,63
smitten,63
Abner,62
Shechem,62
blemish,62
coast,62
comfort,62
grass,62
height,62
hurt,62
inherit,62
neck,62
pleased,62
rather,62
redeemed,62
sanctified,62
sanctify,62
thousands,62
vine,62
wrote,62
Have,61
Syrians,61
Zedekiah,61
always,61
baptized,61
dominion,61
fifth,61
harvest,61
household,61
pleasure,61
preached,61
ran,61
think,61
treasures,61
trumpet,61
upward,61
Balaam,60
Damascus,60
Nebuchadnezzar,60
apostles,60
despised,60
hated,60
journey,60
loud,60
seventy,60
speaking,60
unleavened,60
Asa,59
Bashan,59
Fear,59
Jehu,59
Job,59
captive,59
devil,59
endureth,59
evening,59
fields,59
gift,59
horsemen,59
lieth,59
months,59
oath,59
order,59
pour,59
raise,59
since,59
whence,59
yoke,59
Elisha,58
Every,58
Mordecai,58
Their,58
burning,58
dwelleth,58
escape,58
escaped,58
exceeding,58
except,58
flour,58
free,58
god,58
governor,58
habitation,58
lead,58
lived,58
officers,58
seat,58
weight,58
Almighty,57
Master,57
afterward,57
dealt,57
kingdoms,57
nakedness,57
named,57
next,57
once,57
raiment,57
remembered,57
showed,57
thoughts,57
Pilate,56
choose,56
drive,56
eateth,56
edge,56
honey,56
lying,56
person,56
persons,56
pleasant,56
season,56
slaughter,56
tables,56
Canaanites,55
Satan,55
Saying,55
altars,55
consume,55
countries,55
deal,55
devils,55
food,55
forgive,55
forsake,55
fowls,55
graven,55
iniquities,55
mingled,55
spoiled,55
violence,55
wonders,55
Abram,54
Mary,54
Or,54
Unto,54
afflicted,54
appear,54
beyond,54
consider,54
foundation,54
queen,54
redeem,54
seeth,54
sepulchre,54
sockets,54
standing,54
swear,54
Davids,53
Esther,53
Josiah,53
She,53
Though,53
beheld,53
camels,53
countenance,53
devoured,53
dwelling,53
forget,53
gifts,53
immediately,53
promise,53
remained,53
signs,53
Jehoiada,52
Zadok,52
chamber,52
fair,52
foolish,52
garden,52
heareth,52
held,52
lions,52
lords,52
observe,52
scarlet,52
scribe,52
terrible,52
watch,52
Laban,51
No,51
Noah,51
With,51
afar,51
cedar,51
charged,51
coasts,51
doctrine,51
doings,51
ends,51
ephod,51
goodness,51
home,51
instruments,51
judges,51
lies,51
mourning,51
ourselves,51
past,51
remembrance,51
risen,51
shed,51
stars,51
talents,51
too,51
transgression,51
trumpets,51
wheat,51
Art,50
Haman,50
Naphtali,50
Rehoboam,50
Simeon,50
Whosoever,50
blue,50
builded,50
desired,50
each,50
former,50
glorified,50
guard,50
haste,50
itself,50
moon,50
nine,50
prophesied,50
substance,50
suffered,50
teeth,50
widow,50
Azariah,49
Joash,49
assembly,49
belly,49
buy,49
confounded,49
decree,49
delight,49
driven,49
favour,49
friends,49
hell,49
increased,49
need,49
parable,49
preach,49
prosper,49
slept,49
speech,49
staves,49
touched,49
witnesses,49
wroth,49
Gibeah,48
Howbeit,48
Pharaohs,48
Sodom,48
bullocks,48
clouds,48
covering,48
divide,48
dost,48
kindness,48
milk,48
palace,48
pride,48
promised,48
purple,48
sides,48
sinners,48
sworn,48
thorns,48
thrust,48
tower,48
transgressions,48
Bring,47
Ishmael,47
Jesse,47
Praise,47
Remember,47
beauty,47
eternal,47
fools,47
forward,47
friend,47
gladness,47
pestilence,47
pillar,47
proud,47
refuge,47
sixth,47
song,47
Make,46
Say,46
conceived,46
desolation,46
entering,46
forgotten,46
goest,46
interpretation,46
keepeth,46
lands,46
low,46
measured,46
mischief,46
multiply,46
office,46
sackcloth,46
snare,46
vessel,46
weak,46
Zebulun,45
believeth,45
bind,45
created,45
cubit,45
handmaid,45
hard,45
kind,45
male,45
masters,45
met,45
mourn,45
naked,45
profit,45
rejoiced,45
shield,45
smoke,45
spear,45
tidings,45
towns,45
utter,45
vineyards,45
washed,45
weep,45
Issachar,44
angry,44
bands,44
besought,44
bought,44
compassed,44
establish,44
glorious,44
mercies,44
multiplied,44
rebuke,44
repaired,44
rings,44
search,44
touch,44
weeping,44
wild,44
Again,43
Asher,43
Judaea,43
Not,43
armies,43
ashes,43
borders,43
captives,43
cursed,43
dark,43
doest,43
else,43
fatherless,43
fill,43
flood,43
following,43
horse,43
joined,43
justified,43
kid,43
piece,43
root,43
satisfied,43
shekel,43
sitting,43
staff,43
synagogue,43
tarry,43
uncircumcised,43
vengeance,43
Ahaz,42
Balak,42
Benaiah,42
James,42
Lo,42
Nathan,42
On,42
Rachel,42
Shimei,42
age,42
breath,42
changed,42
desert,42
finished,42
forgiven,42
fruits,42
goods,42
herself,42
latter,42
paths,42
perform,42
plant,42
posts,42
provoke,42
seeketh,42
sitteth,42
spirits,42
straightway,42
talked,42
weary,42
Gilgal,41
Shemaiah,41
arrows,41
boards,41
bosom,41
cherubim,41
compassion,41
declared,41
faint,41
fierce,41
fig,41
green,41
indignation,41
obeyed,41
resurrection,41
suddenly,41
sure,41
walketh,41
Amaziah,40
Herod,40
beaten,40
candlestick,40
counted,40
exceedingly,40
grieved,40
harlot,40
heavy,40
holiness,40
issue,40
merciful,40
neighbor,40
polluted,40
savor,40
shepherd,40
shepherds,40
stretch,40
toucheth,40
uncleanness,40
vow,40
Bethlehem,39
Gideon,39
Merari,39
Midian,39
Nay,39
See,39
Seir,39
Zechariah,39
adultery,39
air,39
bondage,39
bowels,39
brook,39
bury,39
cleansed,39
compass,39
corners,39
damsel,39
doing,39
dried,39
eastward,39
eighth,39
lawful,39
least,39
leprosy,39
manifest,39
measures,39
molten,39
net,39
planted,39
please,39
porch,39
possessed,39
quickly,39
rising,39
sayest,39
ships,39
spare,39
strife,39
supplication,39
tender,39
Are,38
Heshbon,38
Sarah,38
appearance,38
appoint,38
bars,38
bitter,38
canst,38
chronicles,38
circumcised,38
empty,38
enquire,38
fenced,38
forest,38
girdle,38
grievous,38
grow,38
innocent,38
needy,38
olive,38
oppressed,38
passeth,38
pay,38
pursued,38
repent,38
revealed,38
scatter,38
serpent,38
shake,38
shoulder,38
singers,38
steps,38
strengthened,38
thick,38
vail,38
visit,38
wouldest,38
writing,38
Ahaziah,37
Gibeon,37
Jehoiakim,37
Sihon,37
Sinai,37
Tyre,37
assembled,37
authority,37
building,37
caught,37
chains,37
churches,37
confidence,37
continue,37
corner,37
crucified,37
dew,37
digged,37
diligently,37
grapes,37
heal,37
heap,37
hearing,37
inner,37
knowing,37
lamps,37
letter,37
ministered,37
palm,37
prevailed,37
receiveth,37
remaineth,37
salt,37
treasure,37
tribute,37
understood,37
waxed,37
worketh,37
Ai,36
Jezreel,36
Ramah,36
Samson,36
Turn,36
adversaries,36
afflict,36
barley,36
broad,36
brothers,36
comforted,36
defile,36
despise,36
fornication,36
fourscore,36
horn,36
instead,36
nought,36
plead,36
purpose,36
rebellious,36
restore,36
sealed,36
sow,36
street,36
tears,36
testimonies,36
therewith,36
tongues,36
twentieth,36
valor,36
Lot,35
Oh,35
anoint,35
beat,35
course,35
divers,35
duke,35
either,35
fish,35
folly,35
forbid,35
fruitful,35
goat,35
maid,35
means,35
oblation,35
ordained,35
overlaid,35
perceived,35
remove,35
sabbaths,35
silence,35
statute,35
waited,35
whereby,35
wounded,35
Beersheba,34
Eli,34
Hamath,34
Hast,34
Know,34
array,34
astonished,34
blow,34
circumcision,34
deceived,34
ephah,34
hired,34
jealousy,34
letters,34
likeness,34
messenger,34
ninth,34
patience,34
rebelled,34
residue,34
shout,34
transgressed,34
use,34
Asaph,33
Hilkiah,33
Judas,33
Only,33
Our,33
Philip,33
Philistine,33
Shiloh,33
Whom,33
bodies,33
ceased,33
clay,33
continual,33
cunning,33
deceit,33
deeds,33
drunken,33
encamped,33
excellent,33
flame,33
formed,33
fountain,33
gavest,33
goodly,33
hail,33
hardened,33
herds,33
inhabitant,33
instruction,33
journeyed,33
lad,33
looketh,33
lost,33
palaces,33
porters,33
price,33
profane,33
provoked,33
reed,33
refused,33
respect,33
sacrificed,33
sell,33
separated,33
tread,33
turneth,33
virgin,33
wheels,33
Caleb,32
Gath,32
Gedaliah,32
High,32
Isaiah,32
Jew,32
Kohath,32
Sheba,32
abundantly,32
branch,32
carcass,32
causeth,32
cleanse,32
corrupt,32
distress,32
enough,32
feasts,32
firstfruits,32
foundations,32
girded,32
greatness,32
heat,32
honor,32
inhabited,32
loaves,32
loosed,32
males,32
members,32
memorial,32
punish,32
reap,32
repented,32
room,32
scripture,32
shine,32
sojourn,32
sown,32
tarried,32
truly,32
valiant,32
wave,32
whoredoms,32
willing,32
withal,32
Aarons,31
According,31
Ahasuerus,31
Get,31
Lest,31
Nebuchadrezzar,31
Sauls,31
add,31
already,31
answering,31
borne,31
cave,31
curtains,31
dismayed,31
due,31
fed,31
fowl,31
hateth,31
henceforth,31
hot,31
line,31
quiet,31
sakes,31
sayings,31
spices,31
stayed,31
strengthen,31
thirst,31
travail,31
want,31
widows,31
younger,31
Abiathar,30
Adam,30
Elias,30
Hearken,30
Put,30
Shaphan,30
Whose,30
Whoso,30
Wilt,30
abideth,30
along,30
armed,30
calleth,30
cleave,30
conscience,30
crying,30
determined,30
dieth,30
drunk,30
furnace,30
gain,30
gracious,30
hanged,30
harp,30
hence,30
heritage,30
knees,30
learn,30
married,30
neighbours,30
nobles,30
ordinance,30
pity,30
pluck,30
provinces,30
putteth,30
record,30
separate,30
soldiers,30
sprinkle,30
standeth,30
stay,30
tabernacles,30
vows,30
walking,30
windows,30
yield,30
Barnabas,29
Cursed,29
Did,29
Hananiah,29
Jephthah,29
Jeshua,29
Joram,29
Leah,29
Likewise,29
Nun,29
Persia,29
Saviour,29
Tell,29
Will,29
accepted,29
altogether,29
arms,29
bright,29
business,29
calf,29
certainly,29
chose,29
continued,29
creature,29
creeping,29
disciple,29
dumb,29
endure,29
execute,29
fetch,29
heave,29
hungry,29
kindred,29
merchants,29
prevail,29
regard,29
rejected,29
report,29
require,29
royal,29
singing,29
solemn,29
terror,29
testify,29
trusted,29
wholly,29
woe,29
Baasha,28
Elam,28
Gods,28
Lamb,28
Levite,28
Micah,28
Nazareth,28
Rebekah,28
Red,28
While,28
anointing,28
apparel,28
awake,28
beneath,28
bird,28
breastplate,28
cherub,28
cross,28
drawn,28
dung,28
falleth,28
grew,28
humbled,28
hundreds,28
lives,28
making,28
merry,28
obtained,28
perpetual,28
praises,28
preserve,28
pursue,28
render,28
sand,28
seest,28
spiritual,28
thanksgiving,28
thief,28
touching,28
uttermost,28
valleys,28
Benhadad,27
Johanan,27
Shallum,27
Uriah,27
Uzziah,27
begin,27
breasts,27
camest,27
comest,27
confess,27
covereth,27
eating,27
fellow,27
findeth,27
fishes,27
isles,27
justice,27
lame,27
language,27
less,27
liberty,27
majesty,27
miracles,27
moreover,27
ordinances,27
province,27
punishment,27
restored,27
roll,27
shittim,27
space,27
straight,27
summer,27
thank,27
tremble,27
trodden,27
ungodly,27
whirlwind,27
whithersoever,27
workers,27
Adonijah,26
An,26
Baruch,26
Carmel,26
Ezra,26
Hebrew,26
Hittite,26
Korah,26
Macedonia,26
Mine,26
Notwithstanding,26
Peace,26
Sing,26
Zeruiah,26
accomplished,26
birds,26
bonds,26
change,26
charity,26
coals,26
confusion,26
cords,26
curtain,26
deceive,26
dogs,26
double,26
evermore,26
excellency,26
finger,26
fourteen,26
giving,26
goings,26
grief,26
guilty,26
kissed,26
looking,26
loose,26
lovingkindness,26
makest,26
mark,26
nevertheless,26
ointment,26
perished,26
praised,26
preaching,26
refuse,26
rejoicing,26
repentance,26
robe,26
running,26
separation,26
sisters,26
swallowed,26
synagogues,26
timber,26
trembling,26
waves,26
westward,26
whereon,26
worse,26
wrong,26
Abishai,25
Amnon,25
Arnon,25
Darius,25
Hath,25
Jebusites,25
Maaseiah,25
Meshullam,25
Nebat,25
Phinehas,25
Solomons,25
best,25
burdens,25
cakes,25
coat,25
count,25
courts,25
displeased,25
fly,25
fourteenth,25
fro,25
fulness,25
glorify,25
gotten,25
inward,25
jewels,25
joyful,25
lamentation,25
lodge,25
ministers,25
offend,25
offended,25
pain,25
plains,25
rebuked,25
recompense,25
red,25
seemeth,25
somewhat,25
spot,25
sprinkled,25
store,25
tempted,25
uncover,25
upper,25
willingly,25
withered,25
wound,25
Amalek,24
Amalekites,24
Boaz,24
Grace,24
Jotham,24
Lachish,24
Midianites,24
Out,24
Rejoice,24
Send,24
Tamar,24
Tarshish,24
accept,24
apart,24
beareth,24
begotten,24
bowls,24
bringing,24
cedars,24
condemn,24
contrary,24
dedicated,24
deny,24
eleven,24
err,24
fame,24
female,24
figs,24
form,24
forsook,24
groves,24
helped,24
hunger,24
kine,24
lose,24
lots,24
lusts,24
ninety,24
northward,24
oppression,24
perceive,24
persecute,24
plagues,24
plucked,24
prayers,24
precepts,24
prudent,24
seal,24
seas,24
skins,24
snow,24
swords,24
testified,24
tithes,24
usury,24
visions,24
void,24
wax,24
wealth,24
whoso,24
Ammonites,23
Cyrus,23
Egyptian,23
Forasmuch,23
Hazael,23
Jehoahaz,23
Jehoram,23
Mizpah,23
Mizpeh,23
Your,23
abominable,23
acceptable,23
ancient,23
barren,23
basket,23
besieged,23
blew,23
brazen,23
bridegroom,23
calling,23
cherubims,23
council,23
eagle,23
estimation,23
exalt,23
fifteen,23
governors,23
grown,23
guide,23
hasted,23
heavenly,23
hire,23
husbands,23
killeth,23
leaven,23
lovers,23
matters,23
mens,23
mention,23
multitudes,23
oppress,23
path,23
pomegranates,23
pronounce,23
prove,23
roar,23
rocks,23
salute,23
sharp,23
shields,23
southward,23
stirred,23
swallow,23
talk,23
teaching,23
treacherously,23
twelfth,23
virgins,23
visited,23
whereas,23
wickedly,23
winds,23
Can,22
Deliver,22
Doth,22
Ekron,22
Hiram,22
Hittites,22
Jezebel,22
Josephs,22
Machir,22
Naboth,22
Og,22
Thine,22
Tyrus,22
Zerubbabel,22
adversary,22
alway,22
astray,22
baptism,22
bearing,22
bitterness,22
brightness,22
companions,22
concubine,22
discovered,22
eighteen,22
graves,22
hadst,22
herd,22
hin,22
humble,22
jubilee,22
learned,22
mad,22
marry,22
marvelled,22
mean,22
merchandise,22
ministry,22
moment,22
mourned,22
overcome,22
partakers,22
pledge,22
pool,22
pot,22
reckoned,22
required,22
saidst,22
seem,22
setteth,22
shaken,22
shoes,22
sinneth,22
sorrows,22
spring,22
steal,22
stoned,22
taste,22
used,22
vexed,22
ward,22
Achish,21
Ashdod,21
Asia,21
Before,21
Bethshemesh,21
Caesar,21
Elkanah,21
Esaias,21
Euphrates,21
Hebrews,21
Here,21
Ithamar,21
Keep,21
Kish,21
Many,21
Shushan,21
Sisera,21
Stand,21
Zidon,21
amazed,21
astonishment,21
asunder,21
breach,21
choice,21
common,21
condemned,21
corruption,21
deceitful,21
dreams,21
drinking,21
ended,21
equal,21
falsely,21
fir,21
forbear,21
froward,21
fulfil,21
further,21
greatest,21
higher,21
holds,21
husbandmen,21
hypocrites,21
inquired,21
keeper,21
keepers,21
large,21
lodged,21
magnified,21
marvellous,21
mocked,21
mystery,21
occasion,21
openeth,21
parents,21
peradventure,21
performed,21
prophecy,21
recover,21
release,21
rested,21
safely,21
sawest,21
scriptures,21
sinner,21
sixteen,21
sort,21
stronger,21
sum,21
supplications,21
theirs,21
thereby,21
thigh,21
trembled,21
tribulation,21
twined,21
unrighteousness,21
weapons,21
whoredom,21
wit,21
Abijah,20
Ahijah,20
Ahikam,20
Ahithophel,20
Cain,20
Eden,20
Eliab,20
Ethiopia,20
Having,20
Joel,20
Nadab,20
Naomi,20
Nethaniah,20
Obadiah,20
Obededom,20
Return,20
Seraiah,20
accursed,20
aloud,20
beautiful,20
belongeth,20
bottom,20
care,20
centurion,20
conversation,20
counsellors,20
courage,20
custom,20
defence,20
dreamed,20
elder,20
eleventh,20
entereth,20
eunuchs,20
executed,20
favor,20
feareth,20
feeble,20
fiery,20
flower,20
forasmuch,20
gat,20
habitations,20
hallowed,20
harps,20
heaps,20
honourable,20
howl,20
inwards,20
lament,20
laws,20
murderer,20
namely,20
neighbors,20
pasture,20
persuaded,20
prisoners,20
proverb,20
recompence,20
redemption,20
ride,20
roof,20
roots,20
searched,20
secretly,20
seer,20
shoot,20
shoulders,20
sickness,20
simple,20
smell,20
songs,20
strive,20
swift,20
taking,20
thereto,20
transgressors,20
tried,20
whereunto,20
wonderful,20
working,20
Abrahams,19
Amon,19
Antioch,19
Cast,19
Gather,19
Gaza,19
Gomorrah,19
Haran,19
Hazor,19
Jacobs,19
Jonah,19
Lift,19
Look,19
Men,19
Moabites,19
Ramothgilead,19
Set,19
Those,19
Zerah,19
abound,19
approach,19
ascended,19
band,19
betrayed,19
bond,19
bone,19
bottles,19
calamity,19
casting,19
clothing,19
committeth,19
conspired,19
covetousness,19
cruel,19
darkened,19
deals,19
deed,19
den,19
denied,19
descended,19
despiseth,19
dragon,19
drank,19
dwellest,19
ease,19
envy,19
faileth,19
faithfulness,19
fault,19
fetched,19
floods,19
foolishness,19
force,19
ghost,19
gird,19
heifer,19
herb,19
instructed,19
kindle,19
kiss,19
laboured,19
league,19
leaves,19
legs,19
magnify,19
mightest,19
mouths,19
murmured,19
overthrow,19
persecuted,19
perverse,19
pitch,19
proclaim,19
purposed,19
request,19
safety,19
slayer,19
speedily,19
spent,19
stir,19
stumble,19
subdued,19
suck,19
thrown,19
thunder,19
uprightness,19
vile,19
whoring,19
Asahel,18
Baalim,18
Christs,18
Gershon,18
Her,18
Israelites,18
Keilah,18
Kirjathjearim,18
Libnah,18
Maachah,18
Manoah,18
Micaiah,18
Michal,18
Nabal,18
Nethinims,18
Nineveh,18
Omri,18
Perizzites,18
Seeing,18
Succoth,18
THE,18
Tirzah,18
Until,18
Upon,18
abhor,18
apostle,18
armourbearer,18
backward,18
bad,18
bade,18
base,18
bathe,18
betray,18
black,18
boast,18
boughs,18
breaking,18
breast,18
burneth,18
calves,18
childrens,18
cloth,18
cold,18
communed,18
courses,18
dove,18
familiar,18
fastened,18
fifteenth,18
floor,18
hang,18
hanging,18
hangings,18
heir,18
herbs,18
hooks,18
ignorance,18
jealous,18
kidneys,18
laugh,18
layeth,18
lower,18
lust,18
maidens,18
manna,18
marriage,18
middle,18
necks,18
nights,18
offence,18
played,18
praying,18
presented,18
rage,18
rend,18
reprove,18
sorrowful,18
sounded,18
standard,18
stricken,18
stubble,18
tempest,18
turning,18
vowed,18
wages,18
whomsoever,18
youngest,18
Abigail,17
Ah,17
Ask,17
Athaliah,17
Belial,17
Caesarea,17
Depart,17
Elah,17
Eliashib,17
Elishama,17
Ephesus,17
Ham,17
Hezron,17
Horeb,17
Jehoash,17
Kadesh,17
Shem,17
Timotheus,17
Whither,17
account,17
acknowledge,17
anguish,17
board,17
bondmen,17
bowl,17
breaketh,17
casteth,17
charger,17
companies,17
concubines,17
crieth,17
depths,17
desireth,17
divisions,17
drinketh,17
dwellings,17
estate,17
fasting,17
fatness,17
fellowship,17
filthy,17
firmament,17
flowers,17
frankincense,17
freely,17
freewill,17
gathereth,17
grant,17
grove,17
happy,17
hatred,17
health,17
hewn,17
hidden,17
ignorant,17
insomuch,17
judgeth,17
leper,17
lewdness,17
longer,17
longsuffering,17
meek,17
melt,17
myrrh,17
oracle,17
overtake,17
pertained,17
play,17
principal,17
prosperity,17
publicans,17
punished,17
putting,17
rejoiceth,17
row,17
shore,17
shot,17
siege,17
spears,17
stature,17
stripes,17
subject,17
thirsty,17
threshingfloor,17
torn,17
towers,17
trusteth,17
try,17
twain,17
twice,17
uncovered,17
unjust,17
uttered,17
victuals,17
voices,17
weighed,17
wells,17
Abel,16
Alas,16
Amariah,16
Amasa,16
Anathoth,16
Aroer,16
Call,16
Capernaum,16
Except,16
Heman,16
Hivites,16
Hur,16
Jehiel,16
Jephunneh,16
Mattaniah,16
Naaman,16
Ner,16
Rabshakeh,16
Reubenites,16
Rise,16
Salute,16
Sarai,16
Save,16
Uzziel,16
Whatsoever,16
Ziba,16
abhorred,16
accord,16
armor,16
arrow,16
asleep,16
avenged,16
bald,16
bases,16
beard,16
betwixt,16
bid,16
blasphemed,16
bloody,16
candle,16
chapiters,16
clothe,16
comely,16
considered,16
content,16
convocation,16
cymbals,16
deliverance,16
devices,16
discern,16
dragons,16
earnestly,16
earthquake,16
elect,16
filthiness,16
footstool,16
forces,16
forehead,16
harm,16
hideth,16
highway,16
howbeit,16
integrity,16
kinsman,16
lend,16
locusts,16
maidservant,16
minds,16
nay,16
needs,16
obedient,16
overthrown,16
parables,16
portions,16
preserved,16
priesthood,16
proclaimed,16
publish,16
quenched,16
reserved,16
roaring,16
rows,16
scorn,16
seemed,16
sepulchres,16
sheweth,16
soever,16
speakest,16
springs,16
straw,16
stuff,16
swine,16
teacheth,16
temptation,16
thieves,16
tumult,16
unbelief,16
wasted,16
watchman,16
window,16
zeal,16
Abednego,15
Ahimaaz,15
Ahimelech,15
Ahitub,15
Artaxerxes,15
Bani,15
Bless,15
Concerning,15
Eliakim,15
Eliezer,15
Eliphaz,15
Goshen,15
Hashabiah,15
Kohathites,15
Lazarus,15
Lords,15
Mephibosheth,15
Meshach,15
Michael,15
Miriam,15
Nahor,15
Nebuzaradan,15
Seven,15
Shadrach,15
Should,15
Tobiah,15
Wherein,15
Ziklag,15
Zimri,15
accuse,15
arches,15
avenge,15
basins,15
baskets,15
beam,15
becometh,15
beholding,15
birth,15
blameless,15
boil,15
bottle,15
breaches,15
brimstone,15
brooks,15
builders,15
cart,15
catch,15
clear,15
colt,15
consent,15
consolation,15
deaf,15
derision,15
devise,15
diligent,15
disease,15
dog,15
dukes,15
entry,15
exhort,15
falling,15
fasted,15
fingers,15
followeth,15
fortress,15
fountains,15
genealogy,15
godliness,15
godly,15
granted,15
hairs,15
hallow,15
hinder,15
idol,15
ill,15
increaseth,15
lack,15
laver,15
locks,15
magicians,15
minded,15
mire,15
mirth,15
nest,15
nether,15
noon,15
nostrils,15
oak,15
obtain,15
offereth,15
often,15
openly,15
pardon,15
possible,15
pots,15
pressed,15
privily,15
proceed,15
profaned,15
proved,15
regardeth,15
region,15
reins,15
reproached,15
reproof,15
rode,15
rods,15
sailed,15
selfsame,15
sendeth,15
serpents,15
shortly,15
shouting,15
sixty,15
slothful,15
slow,15
snares,15
sojourneth,15
soweth,15
stopped,15
thirteen,15
trespassed,15
uncircumcision,15
visitation,15
wailing,15
wars,15
weeks,15
wheel,15
wide,15
winepress,15
wonder,15
wondered,15
wounds,15
Am,14
Amorite,14
Amram,14
Awake,14
Baptist,14
Barak,14
Bethhoron,14
Beware,14
Canaanite,14
Chaldees,14
Debir,14
Fathers,14
Gadites,14
Gershom,14
Greeks,14
Hadad,14
Heth,14
Hushai,14
Iddo,14
Jebusite,14
Jeduthun,14
Jerubbaal,14
Knowing,14
Medes,14
Nethaneel,14
Pashur,14
Rimmon,14
Sadducees,14
Sidon,14
Two,14
Whether,14
accused,14
added,14
assemble,14
badgers,14
bank,14
banquet,14
bestowed,14
beware,14
bidden,14
blasphemy,14
bows,14
bride,14
chaff,14
clave,14
coats,14
conceive,14
consecrated,14
contend,14
corrupted,14
creepeth,14
crooked,14
delighteth,14
destroying,14
drop,14
effect,14
eldest,14
enjoy,14
epistle,14
expectation,14
falsehood,14
fellows,14
firstling,14
frogs,14
gall,14
groweth,14
healing,14
hitherto,14
imagination,14
intreated,14
join,14
leadeth,14
leavened,14
lightnings,14
liver,14
midnight,14
oppressor,14
ornaments,14
outward,14
pattern,14
placed,14
poverty,14
powers,14
prolong,14
pronounced,14
psalteries,14
pull,14
purged,14
purify,14
question,14
questions,14
reach,14
reacheth,14
rebel,14
remaining,14
repair,14
rewarded,14
riseth,14
ruleth,14
savour,14
scall,14
sceptre,14
seeking,14
sending,14
shave,14
shouted,14
sorry,14
spies,14
spreadeth,14
star,14
state,14
stick,14
stolen,14
storm,14
subjection,14
supper,14
surety,14
talent,14
teachers,14
tempt,14
testament,14
threshold,14
tithe,14
token,14
transgress,14
vex,14
vexation,14
wander,14
wearied,14
wentest,14
whore,14
winter,14
wisely,14
wondrous,14
wool,14
worm,14
wrapped,14
Abinadab,13
Amminadab,13
Among,13
Amoz,13
Andrew,13
Assyrian,13
Bela,13
Canst,13
Consider,13
Draw,13
Eber,13
Edomites,13
Eglon,13
Ephron,13
Ethiopians,13
Festus,13
Gezer,13
Great,13
Hannah,13
Heber,13
Hermon,13
Hinnom,13
Jedaiah,13
Joppa,13
Kareah,13
Like,13
Mahanaim,13
Man,13
Martha,13
Nebo,13
Obed,13
Olives,13
Ophir,13
Rabbah,13
Rechab,13
Ruth,13
Seek,13
Sennacherib,13
Silas,13
Sit,13
Through,13
Titus,13
Whence,13
abundant,13
accomplish,13
afflictions,13
ago,13
alms,13
answereth,13
ascend,13
behalf,13
blot,13
boldly,13
broughtest,13
cake,13
candlesticks,13
carcases,13
carved,13
chain,13
chapiter,13
chased,13
cleaveth,13
commandeth,13
companion,13
confirm,13
confirmed,13
consecrate,13
consulted,13
controversy,13
delivereth,13
diseases,13
disobedient,13
doubt,13
doves,13
drave,13
dungeon,13
enquired,13
entreated,13
error,13
fashion,13
flourish,13
flow,13
fully,13
garrison,13
giants,13
heaviness,13
hewed,13
highest,13
inclined,13
ivory,13
lamp,13
laughed,13
liar,13
lighted,13
lightning,13
loops,13
mantle,13
meditate,13
meekness,13
melted,13
mightier,13
mitre,13
move,13
natural,13
nets,13
oft,13
otherwise,13
overflow,13
overlay,13
owner,13
palsy,13
petition,13
plenty,13
possessions,13
prisoner,13
profitable,13
promises,13
prospered,13
psaltery,13
purge,13
ransom,13
reigneth,13
reverence,13
robbed,13
ruled,13
sacks,13
safe,13
shewbread,13
shewing,13
short,13
smiteth,13
steward,13
stripped,13
strove,13
tear,13
thrice,13
town,13
troop,13
vanities,13
vinegar,13
week,13
wing,13
wist,13
Abihu,12
Agrippa,12
Anah,12
Barzillai,12
Better,12
Brethren,12
Dagon,12
Enoch,12
Esaus,12
Geba,12
Gehazi,12
Greek,12
Hadarezer,12
Hagar,12
Hamor,12
Hanan,12
Hor,12
Huram,12
Ishbosheth,12
Jabesh,12
Jabeshgilead,12
Jonadab,12
Jonas,12
Kedar,12
Lamech,12
Magdalene,12
None,12
Ornan,12
Pharez,12
Prepare,12
Shephatiah,12
Six,12
Some,12
Syrian,12
Thomas,12
Zalmunna,12
Zebah,12
Zichri,12
accounted,12
archers,12
audience,12
backsliding,12
baked,12
beams,12
begun,12
belong,12
belonged,12
briers,12
caul,12
censer,12
cock,12
condemnation,12
counsels,12
coupled,12
creatures,12
crucify,12
cursing,12
delighted,12
departing,12
depth,12
devised,12
difference,12
dig,12
discover,12
divination,12
draweth,12
drove,12
earrings,12
erred,12
evildoers,12
failed,12
fainted,12
fierceness,12
floweth,12
flowing,12
foolishly,12
footmen,12
gardens,12
givest,12
happened,12
heardest,12
hiss,12
holden,12
hole,12
holes,12
hoof,12
hunt,12
hyssop,12
imagine,12
incline,12
infirmities,12
locust,12
maker,12
manservant,12
meal,12
merchant,12
mock,12
mules,12
nature,12
nose,12
obedience,12
officer,12
offspring,12
ours,12
oven,12
overthrew,12
parted,12
passing,12
pitcher,12
plenteous,12
potters,12
purified,12
purifying,12
reasoned,12
reported,12
rolled,12
saving,12
scourge,12
seasons,12
servile,12
several,12
shook,12
sickle,12
skirt,12
sober,12
sojourned,12
sole,12
spared,12
spoon,12
spoons,12
spy,12
stream,12
streams,12
strike,12
stumblingblock,12
terrors,12
trespasses,12
troubles,12
unawares,12
uprightly,12
victory,12
vines,12
watched,12
watchmen,12
waxen,12
weaned,12
wear,12
yours,12
Abiram,11
Achaia,11
Ananias,11
Ashtaroth,11
Barabbas,11
Being,11
Beriah,11
Bethany,11
Bilhah,11
Dedan,11
Elihu,11
Er,11
Follow,11
Gog,11
Haggai,11
Hanani,11
Hanun,11
Happy,11
Harim,11
Hold,11
Honour,11
Hoshea,11
Iscariot,11
Japheth,11
Jazer,11
Jeiel,11
Joah,11
Judge,11
Kedesh,11
Kenaz,11
Kidron,11
Knowest,11
Mahli,11
Mark,11
Megiddo,11
Milcah,11
Paran,11
Pekah,11
Peradventure,11
Pharisee,11
Prophesy,11
Remaliah,11
Rezin,11
Riblah,11
Shelah,11
Since,11
Teman,11
Terah,11
Urijah,11
Uzzi,11
Well,11
Wisdom,11
Write,11
Zacharias,11
Zelophehad,11
Zobah,11
absent,11
acquaintance,11
afterwards,11
alike,11
ariseth,11
arrayed,11
asketh,11
axe,11
bag,11
beds,11
besiege,11
blessings,11
bold,11
brutish,11
buckler,11
bud,11
bush,11
carnal,11
close,11
closed,11
colour,11
correction,11
cud,11
damnation,11
damsels,11
deceitfully,11
desiring,11
desolations,11
dishonour,11
distressed,11
divine,11
eagles,11
eighteenth,11
encamp,11
enlarged,11
entrance,11
esteemed,11
exercise,11
favored,11
fearful,11
fetters,11
finish,11
flax,11
flying,11
gathering,11
guile,11
handle,11
heirs,11
homer,11
hoped,11
idle,11
intent,11
interpreted,11
justify,11
keeping,11
lacked,11
lamented,11
laying,11
leaf,11
lean,11
lovest,11
lowest,11
maidservants,11
measuring,11
mightily,11
moons,11
mourneth,11
observed,11
overcometh,11
overflowing,11
oversight,11
pastures,11
perfection,11
pins,11
plainly,11
pollute,11
post,11
precept,11
proceedeth,11
provision,11
published,11
quench,11
quicken,11
recovered,11
reeds,11
ring,11
robbers,11
robes,11
ruin,11
runneth,11
sad,11
sang,11
scorner,11
seats,11
sentence,11
shining,11
signet,11
similitude,11
speckled,11
speed,11
spit,11
stablish,11
stedfast,11
straitly,11
stroke,11
sufficient,11
sweareth,11
thirteenth,11
throughly,11
tooth,11
tops,11
torment,11
tradition,11
understandeth,11
unpunished,11
utmost,11
waiteth,11
warn,11
watered,11
wifes,11
wither,11
workmen,11
wreathed,11
Adar,10
Against,10
Ammihud,10
Apollos,10
Aram,10
Arphaxad,10
Assyrians,10
Baanah,10
Bathsheba,10
Beloved,10
Belteshazzar,10
Beor,10
Berechiah,10
Bethlehemjudah,10
Bethuel,10
Cornelius,10
Dathan,10
Deborah,10
Declare,10
Ehud,10
Eliel,10
Furthermore,10
Gerar,10
Greet,10
Him,10
Immer,10
Israels,10
Jair,10
Jehoiachin,10
Jeroham,10
Jethro,10
Juda,10
Kadeshbarnea,10
Mamre,10
Millo,10
Neriah,10
Open,10
Padanaram,10
Pray,10
Rahab,10
Rehob,10
Remove,10
Reuel,10
Sanballat,10
Shelemiah,10
Sir,10
Stretch,10
Tabor,10
Truly,10
Uzza,10
Vashti,10
Whereas,10
Zebedee,10
Zephaniah,10
Zidonians,10
Zin,10
Ziph,10
Zoar,10
accusation,10
adversity,10
alarm,10
almost,10
ancients,10
appeareth,10
astonied,10
attained,10
balances,10
beforetime,10
beget,10
birthright,10
blaspheme,10
boldness,10
bracelets,10
brim,10
bulls,10
carpenters,10
ceaseth,10
chastise,10
cheer,10
cleansing,10
conspiracy,10
contempt,10
couple,10
coupling,10
curious,10
curseth,10
dealeth,10
dedication,10
defend,10
descend,10
device,10
devoureth,10
diligence,10
dip,10
dipped,10
direct,10
dispersed,10
divideth,10
earthen,10
enchantments,10
equity,10
ere,10
exhortation,10
famous,10
finding,10
flies,10
forefront,10
forthwith,10
founded,10
gained,10
glean,10
guiltless,10
harden,10
haughty,10
hereafter,10
highways,10
honorable,10
hypocrite,10
infirmity,10
inhabit,10
inquire,10
kindly,10
kinds,10
knewest,10
knop,10
labours,10
lake,10
liers,10
lifteth,10
lights,10
lilies,10
loss,10
madest,10
maids,10
maintain,10
manifested,10
menservants,10
mindful,10
miracle,10
mixed,10
morsel,10
moth,10
murderers,10
musick,10
nails,10
necessity,10
notwithstanding,10
nourished,10
nurse,10
onyx,10
overtook,10
owl,10
peaceably,10
persecution,10
pervert,10
pigeons,10
pomegranate,10
potter,10
pound,10
poureth,10
presents,10
quick,10
quietness,10
reared,10
recompensed,10
redeemer,10
refreshed,10
remission,10
reproved,10
riding,10
saddled,10
satisfy,10
scales,10
scattereth,10
secrets,10
seventeen,10
slumber,10
sowed,10
spakest,10
stairs,10
stedfastly,10
strait,10
submit,10
sufferings,10
sunrising,10
taches,10
tail,10
threshing,10
treadeth,10
treasuries,10
triumph,10
troubleth,10
uncle,10
village,10
vintage,10
violent,10
violently,10
wandered,10
warned,10
washing,10
whelps,10
withholden,10
withstand,10
workman,10
Adaiah,9
Afterward,9
Ammonite,9
Anak,9
Anakims,9
Araunah,9
Ashkelon,9
Beside,9
Bezaleel,9
Both,9
Bozrah,9
Caesars,9
Caiaphas,9
Cherethites,9
Dibon,9
Ezer,9
Felix,9
Gaal,9
Gera,9
Gershonites,9
Gileadite,9
Hadadezer,9
Hepher,9
Hivite,9
Hormah,9
Howl,9
Jobab,9
Jozabad,9
Lay,9
Makkedah,9
Malchiah,9
Melchisedec,9
Michmash,9
Nahash,9
Nahshon,9
Nazarite,9
Nor,9
OF,9
Rome,9
Shealtiel,9
Shebna,9
Shelomith,9
Shew,9
Shobal,9
Sion,9
Smite,9
Suffer,9
Tophet,9
Watch,9
Woman,9
Zebadiah,9
abiding,9
adulterers,9
advice,9
affrighted,9
aged,9
although,9
attend,9
avenger,9
babes,9
bake,9
baptize,9
baths,9
befall,9
behaved,9
bestow,9
betrothed,9
bindeth,9
bitterly,9
boasting,9
booths,9
bridle,9
bruised,9
buildeth,9
burst,9
butter,9
camel,9
carcasses,9
castle,9
chamberlains,9
cheek,9
colors,9
consecration,9
considereth,9
contention,9
convenient,9
converted,9
copy,9
covert,9
covetous,9
crowns,9
cruse,9
deeper,9
defenced,9
defileth,9
degrees,9
deliverer,9
dens,9
devout,9
dim,9
discomfited,9
dreadful,9
dress,9
drought,9
durst,9
enlarge,9
evils,9
exalteth,9
expired,9
eyelids,9
fever,9
fit,9
flaming,9
fleece,9
fleeth,9
fold,9
foreskin,9
forgave,9
foursquare,9
getteth,9
glass,9
groaning,9
handful,9
harlots,9
hart,9
hasteth,9
hasty,9
hedge,9
helper,9
hewers,9
hireling,9
holdeth,9
hollow,9
honeycomb,9
honoureth,9
hungred,9
impossible,9
instruct,9
intercession,9
island,9
journeys,9
knops,9
labor,9
labourers,9
leap,9
learning,9
lifting,9
liken,9
madness,9
millstone,9
ministering,9
mistress,9
mule,9
murder,9
murmurings,9
narrow,9
necessary,9
needlework,9
obeisance,9
pan,9
pangs,9
parched,9
partaker,9
patient,9
penny,9
perisheth,9
persuade,9
point,9
poison,9
posterity,9
praising,9
preparation,9
press,9
prevented,9
proceeded,9
proclamation,9
prolonged,9
proudly,9
proverbs,9
provided,9
purchased,9
push,9
quarters,9
rained,9
reapers,9
rebellion,9
recorder,9
refuseth,9
regarded,9
requite,9
resist,9
revelation,9
riddle,9
rumour,9
sack,9
saluted,9
sapphire,9
scorpions,9
seekest,9
seethe,9
serveth,9
settle,9
sheaf,9
sheaves,9
shined,9
shineth,9
shoe,9
shortened,9
shovels,9
showers,9
silent,9
snared,9
spoiler,9
stamped,9
stiffnecked,9
stocks,9
takest,9
talking,9
temples,9
thereunto,9
thin,9
thirtieth,9
thrones,9
tip,9
treacherous,9
treasury,9
twilight,9
unrighteous,9
uttereth,9
vale,9
virginity,9
wagons,9
warp,9
warred,9
whereupon,9
wizards,9
wont,9
woof,9
worth,9
wot,9
yearly,9
"",8
Abdon,8
Adah,8
Adullam,8
Agag,8
Aholibamah,8
Akkub,8
Amos,8
Aphek,8
Arabia,8
Asshur,8
Azmaveth,8
Babylons,8
Belshazzar,8
Benjamite,8
Benjamites,8
Bichri,8
Carmi,8
Chebar,8
Chemosh,8
Cilicia,8
Command,8
Cushy,8
Cyprus,8
Destroy,8
Drink,8
Duke,8
Ebal,8
Edrei,8
Elioenai,8
Elisabeth,8
Ethiopian,8
Geshur,8
Gilboa,8
Gird,8
Gittite,8
Hereby,8
Ittai,8
Izhar,8
Jachin,8
Jahath,8
Jerahmeel,8
Jerimoth,8
Jether,8
Jeush,8
Jezreelite,8
Joabs,8
Kadmiel,8
Kenites,8
Luz,8
Maker,8
Mareshah,8
Mattithiah,8
Menahem,8
Meshech,8
Mishael,8
Molech,8
Mushi,8
Nehemiah,8
Netophathite,8
Onan,8
Ophrah,8
Pass,8
Pedaiah,8
Penuel,8
Rabbi,8
Ramoth,8
Redeemer,8
Rehum,8
Repent,8
Rephaim,8
Rock,8
Sanctify,8
Seest,8
Seth,8
Shammah,8
Shaphat,8
Shechaniah,8
Sherebiah,8
Shunammite,8
Tarry,8
Three,8
Till,8
Timnath,8
Tubal,8
Up,8
Uri,8
Whereupon,8
Would,8
Zabad,8
Zaccur,8
Zibeon,8
Zorah,8
accusers,8
affairs,8
agreed,8
almonds,8
ambassadors,8
apiece,8
apple,8
approved,8
armour,8
astrologers,8
awaked,8
awoke,8
backs,8
baker,8
balance,8
baldness,8
believing,8
bend,8
bent,8
beryl,8
blast,8
blesseth,8
bondwoman,8
books,8
borrow,8
bounds,8
box,8
broidered,8
bruise,8
butler,8
carrying,8
case,8
censers,8
chastened,8
cheweth,8
chiefest,8
circumcise,8
confident,8
counsellor,8
covet,8
curses,8
dance,8
dearly,8
dearth,8
departeth,8
descending,8
destitute,8
destroyeth,8
deviseth,8
diminish,8
discretion,8
diseased,8
dissolved,8
distresses,8
diverse,8
doer,8
dough,8
dread,8
dross,8
duty,8
earnest,8
easier,8
edifying,8
embrace,8
emerods,8
emptied,8
endured,8
enmity,8
ensign,8
entreat,8
example,8
faithfully,8
fan,8
fearing,8
feedeth,8
feeding,8
fifties,8
fillets,8
fishers,8
flattering,8
flight,8
followers,8
foreheads,8
forgat,8
furniture,8
furrows,8
gallows,8
genealogies,8
giant,8
gladly,8
grain,8
grape,8
hall,8
handmaids,8
hardly,8
hastily,8
hearest,8
hearted,8
helmet,8
herdmen,8
heretofore,8
hissing,8
honoured,8
imputed,8
inclosed,8
instant,8
instrument,8
interpret,8
judgest,8
kids,8
kin,8
kneeled,8
lacking,8
languisheth,8
leaped,8
liars,8
lofty,8
longed,8
magistrates,8
maiden,8
manifold,8
marvel,8
meaneth,8
moveth,8
murmur,8
nail,8
oppressors,8
ouches,8
outgoings,8
outside,8
pastors,8
pavement,8
peaceable,8
pearls,8
perdition,8
perfected,8
perils,8
persecutors,8
pertaining,8
pierced,8
pine,8
plants,8
pleasures,8
plow,8
powder,8
preacher,8
preserveth,8
privately,8
prophetess,8
prosperous,8
provide,8
provocation,8
purchase,8
purification,8
pursueth,8
pursuing,8
quarter,8
raiseth,8
reached,8
reckon,8
reconciliation,8
repay,8
restrained,8
revive,8
righteously,8
ripe,8
rushing,8
sail,8
saviour,8
searcheth,8
shaking,8
sheath,8
shutteth,8
sinful,8
sling,8
soft,8
sojourner,8
sower,8
span,8
sprung,8
stink,8
stirreth,8
stock,8
straitened,8
subdue,8
suppose,8
supposed,8
surname,8
surnamed,8
tares,8
tasted,8
teachest,8
temptations,8
throw,8
tied,8
tormented,8
trench,8
trode,8
unknown,8
uproar,8
venison,8
vesture,8
vial,8
vomit,8
waiting,8
wanting,8
warm,8
warning,8
weapon,8
wheresoever,8
whilst,8
wipe,8
wiser,8
withdraw,8
withereth,8
worms,8
wormwood,8
yesterday,8
yielded,8
zealous,8
Abiezer,7
Abrams,7
Achbor,7
Aha,7
Ahinoam,7
Aijalon,7
Although,7
Arioch,7
Azekah,7
Beelzebub,7
Bethaven,7
Bethsaida,7
Binnui,7
Buy,7
Cainan,7
Chaldea,7
Cry,7
Cush,7
Dinah,7
Dishon,7
Dor,7
Dost,7
Elnathan,7
Elon,7
Enos,7
Eshtaol,7
Ethan,7
Feed,7
Flee,7
Gamaliel,7
Gedor,7
Good,7
Havilah,7
Jabbok,7
Jabin,7
Jarmuth,7
Javan,7
Jeconiah,7
Laadan,7
Laish,7
Love,7
Mahalaleel,7
Maon,7
Meraioth,7
Mesopotamia,7
Michaiah,7
Noph,7
Oreb,7
Othniel,7
Peleg,7
Pelethites,7
Ram,7
Samaritans,7
Shaul,7
Shebaniah,7
Shinar,7
Shishak,7
Simons,7
Slay,7
Stephen,7
TO,7
Teach,7
Timothy,7
Trust,7
Urim,7
Uz,7
Was,7
Whereunto,7
Word,7
Zilpah,7
Zippor,7
Zoan,7
ability,7
afore,7
aforetime,7
aileth,7
alienated,7
ambush,7
asking,7
assurance,7
axes,7
bar,7
beeves,7
befallen,7
beheaded,7
besides,7
bill,7
bite,7
blindness,7
bottomless,7
bough,7
brick,7
buryingplace,7
camps,7
careful,7
careth,7
causes,7
caves,7
ceasing,7
certainty,7
changes,7
childless,7
clusters,7
commend,7
commune,7
complaint,7
confessed,7
contain,7
cornet,7
corruptible,7
couch,7
craftsmen,7
create,7
creep,7
crow,7
crushed,7
customs,7
dancing,7
danger,7
dash,7
daubed,7
deadly,7
dear,7
debt,7
degree,7
demanded,7
destroyer,7
devoted,7
disperse,7
dividing,7
diviners,7
doers,7
dressed,7
dropped,7
drunkenness,7
dunghill,7
dyed,7
eggs,7
eunuch,7
evidence,7
ewe,7
exact,7
expedient,7
fadeth,7
fashioned,7
feasting,7
feathers,7
feel,7
fervent,7
figure,7
firm,7
foes,7
forced,7
forgiveness,7
foxes,7
fragments,7
garrisons,7
gnashing,7
got,7
grasshoppers,7
grievously,7
grind,7
groan,7
hammer,7
hardness,7
hasten,7
hastened,7
hearth,7
helpers,7
hem,7
hew,7
hinds,7
honest,7
households,7
housetop,7
housetops,7
humbleth,7
humility,7
hundredfold,7
husbandman,7
inasmuch,7
innumerable,7
islands,7
issued,7
jasper,7
javelin,7
kindreds,7
kinsmen,7
languages,7
laughter,7
lawgiver,7
lent,7
lighten,7
lightly,7
lump,7
maimed,7
market,7
masons,7
meats,7
mediator,7
melteth,7
mentioned,7
message,7
midwives,7
ministration,7
misery,7
morter,7
nativity,7
network,7
noble,7
noonday,7
occupied,7
offences,7
ornament,7
outcasts,7
overseer,7
overwhelmed,7
palms,7
peculiar,7
pen,7
perfectly,7
pertaineth,7
pits,7
playing,7
pomp,7
pottage,7
prayeth,7
prevent,7
principalities,7
prophesieth,7
provender,7
psalms,7
pulled,7
puttest,7
quickened,7
quite,7
quiver,7
raven,7
ravished,7
raw,7
razor,7
realm,7
reconciled,7
refrain,7
refrained,7
relieve,7
renown,7
reproacheth,7
retain,7
returneth,7
reveal,7
revenger,7
revolted,7
rider,7
rideth,7
ringstreaked,7
rob,7
robbery,7
roe,7
rooms,7
rooted,7
rough,7
saveth,7
scab,7
scrip,7
secure,7
seers,7
selleth,7
selves,7
settest,7
settled,7
shaketh,7
shaven,7
shone,7
sighing,7
sincerity,7
sittest,7
skill,7
skirts,7
sky,7
slack,7
slaying,7
sleepeth,7
softly,7
soles,7
solitary,7
something,7
sorts,7
sounding,7
speeches,7
spend,7
spoilers,7
spotted,7
sprang,7
stony,7
stooped,7
stop,7
strengtheneth,7
stretcheth,7
strip,7
struck,7
suffice,7
sunder,7
sunk,7
supposing,7
swelling,7
telleth,7
tempting,7
tetrarch,7
thorn,7
thread,7
throat,7
thunders,7
toes,7
tokens,7
tossed,7
travaileth,7
troops,7
turtledoves,7
uncles,7
undefiled,7
unprofitable,7
uphold,7
useth,7
value,7
veil,7
virtue,7
walkest,7
wanteth,7
wastes,7
weakness,7
wedding,7
welfare,7
whiles,7
wolves,7
womans,7
workmanship,7
worshippers,7
wrongfully,7
yielding,7
yonder,7
Abib,6
Abihail,6
Achan,6
Ahiezer,6
Ahio,6
Aholibah,6
Alexander,6
Ammiel,6
Aquila,6
Ar,6
Arabians,6
Ariel,6
Asaiah,6
Assemble,6
Azel,6
Azrikam,6
Baalpeor,6
Bashemath,6
Bebai,6
Beeroth,6
Bethshean,6
Bigvai,6
Bow,6
Cephas,6
Chittim,6
Corinth,6
Delaiah,6
Delilah,6
Eat,6
Ebed,6
Ebedmelech,6
Edomite,6
Either,6
Eliasaph,6
Elim,6
Eliphelet,6
Engedi,6
Eshcol,6
Fill,6
Finally,6
Friend,6
Galatia,6
Gibbethon,6
Gibeonites,6
Gihon,6
Goliath,6
Gomer,6
Hazeroth,6
Hebronites,6
Herodias,6
Hide,6
Hosanna,6
Iconium,6
Ira,6
Ishi,6
Ishmaelites,6
JESUS,6
Jael,6
Jahaziel,6
Jamin,6
Jared,6
Jediael,6
Jehohanan,6
Jeshimon,6
Joktan,6
Josedech,6
Joses,6
Kenite,6
Kirjatharba,6
Kishon,6
Lystra,6
Machpelah,6
Malchijah,6
Malluch,6
Media,6
Meremoth,6
Meribah,6
Methuselah,6
Moabitess,6
Naioth,6
Nathanael,6
Nob,6
Pahathmoab,6
Pauls,6
Philippi,6
Receive,6
Romans,6
Salah,6
Salmon,6
Salvation,6
Sepharvaim,6
Shammai,6
Sharon,6
Shema,6
Shur,6
Sin,6
Sirs,6
Swear,6
Taanach,6
Tahath,6
Talmai,6
Tappuah,6
Tekoa,6
Temanite,6
Thessalonica,6
Tishbite,6
Tola,6
Troas,6
Without,6
Zabdi,6
Zarhites,6
Zebul,6
Zeeb,6
abated,6
affection,6
agree,6
agreement,6
appearing,6
assemblies,6
assuredly,6
attain,6
babe,6
balm,6
bath,6
battles,6
bay,6
beckoned,6
bedchamber,6
behave,6
believest,6
bereave,6
bereaved,6
beset,6
bewail,6
blackness,6
blasphemies,6
blossom,6
blotted,6
boat,6
bolster,6
bondman,6
bonnets,6
bountifully,6
brasen,6
brink,6
brotherly,6
burial,6
byword,6
caldron,6
calm,6
cankerworm,6
castles,6
chamberlain,6
chance,6
charges,6
chase,6
chastening,6
chastised,6
chest,6
choked,6
clap,6
clods,6
cloudy,6
commended,6
communication,6
compelled,6
conceal,6
confession,6
constrained,6
contended,6
contentions,6
cord,6
correct,6
costly,6
cow,6
craft,6
creation,6
crowned,6
cups,6
cutteth,6
damage,6
danced,6
dances,6
deceiveth,6
decked,6
defied,6
delights,6
deserts,6
desirous,6
detestable,6
devouring,6
discouraged,6
disobedience,6
disquieted,6
distributed,6
ditch,6
division,6
divorcement,6
doted,6
drams,6
drunkards,6
dwelled,6
dying,6
effectual,6
election,6
enlightened,6
entice,6
envied,6
escapeth,6
examined,6
exchange,6
executeth,6
exercised,6
expert,6
expounded,6
expressed,6
fade,6
fairs,6
fellowservant,6
filleth,6
firstlings,6
flanks,6
flattereth,6
forsaketh,6
fort,6
fortify,6
forts,6
frost,6
furious,6
furnished,6
girdles,6
gleaned,6
glittering,6
goodman,6
grate,6
greedy,6
greet,6
guests,6
halt,6
haply,6
happeneth,6
hatest,6
hedges,6
heel,6
hidest,6
hiding,6
highly,6
holdest,6
hoofs,6
horrible,6
howling,6
hypocrisy,6
imaginations,6
incurable,6
informed,6
inherited,6
isle,6
jaws,6
jeopardy,6
joints,6
judging,6
key,6
knee,6
knife,6
knit,6
laden,6
lain,6
lasciviousness,6
leaned,6
leaveth,6
leopard,6
lepers,6
leprous,6
levy,6
liberal,6
lice,6
likened,6
lodging,6
lowly,6
lusteth,6
malice,6
mandrakes,6
mankind,6
manners,6
mar,6
marked,6
meditation,6
member,6
memory,6
mete,6
mortal,6
mortar,6
mote,6
music,6
myrtle,6
navy,6
needeth,6
needful,6
oaks,6
oftentimes,6
opening,6
overseers,6
owls,6
parcel,6
patiently,6
peoples,6
persecutest,6
pertain,6
perverseness,6
physicians,6
pipes,6
pisseth,6
pitied,6
plagued,6
plates,6
pleaseth,6
pleasing,6
polls,6
porter,6
presumptuously,6
profited,6
profiteth,6
prophesying,6
prospect,6
provoking,6
psalm,6
publican,6
puffed,6
quit,6
rank,6
reading,6
receiving,6
reddish,6
remainder,6
renew,6
renewed,6
restitution,6
retained,6
revealeth,6
reviled,6
revived,6
rewardeth,6
ropes,6
roughly,6
rubies,6
sacrificeth,6
salutation,6
savory,6
seeds,6
self,6
sendest,6
serving,6
sevenfold,6
seventeenth,6
sigh,6
sink,6
sleeping,6
sluggard,6
smooth,6
snuffers,6
sodden,6
soothsayers,6
sorcerers,6
spied,6
sport,6
spouse,6
standest,6
sticks,6
stole,6
stumbled,6
subtilty,6
swifter,6
swim,6
tails,6
talebearer,6
taskmasters,6
teacher,6
teareth,6
tenons,6
teraphim,6
thinketh,6
threw,6
thumb,6
thunderings,6
toe,6
tolerable,6
tombs,6
tongs,6
trial,6
trustest,6
twins,6
unbelieving,6
unfruitful,6
unicorn,6
unlearned,6
unless,6
uppermost,6
urged,6
valiantly,6
wandereth,6
wandering,6
ware,6
warmed,6
watching,6
waved,6
wayfaring,6
weigh,6
weights,6
wellbeloved,6
wert,6
wet,6
wish,6
withdrawn,6
withdrew,6
withheld,6
withstood,6
wolf,6
woolen,6
worshippeth,6
