N-gram,Count,Version
he,9432,dby
I,8798,dby
shall,8654,dby
his,8039,dby
for,7440,dby
is,6883,dby
not,6771,dby
they,6716,dby
Jehovah,6533,dby
him,6463,dby
it,6081,dby
them,5978,dby
all,5229,dby
thy,4686,dby
thou,4621,dby
my,4231,dby
have,4193,dby
will,4142,dby
me,4084,dby
said,4038,dby
was,3967,dby
from,3919,dby
their,3829,dby
thee,3677,dby
God,3633,dby
ye,3257,dby
are,2882,dby
which,2782,dby
you,2713,dby
up,2603,dby
Israel,2570,dby
this,2423,dby
one,2361,dby
upon,2325,dby
had,2295,dby
who,2282,dby
were,2265,dby
king,2195,dby
man,2175,dby
there,2038,dby
son,1977,dby
house,1947,dby
came,1931,dby
people,1858,dby
before,1846,dby
your,1781,dby
land,1779,dby
her,1778,dby
when,1745,dby
come,1704,dby
at,1663,dby
day,1601,dby
children,1565,dby
against,1562,dby
shalt,1529,dby
men,1506,dby
For,1472,dby
hand,1462,dby
do,1451,dby
us,1412,dby
no,1395,dby
went,1381,dby
hath,1377,dby
saying,1376,dby
has,1357,dby
also,1344,dby
go,1267,dby
sons,1236,dby
if,1160,dby
made,1142,dby
down,1121,dby
our,1110,dby
Lord,1101,dby
may,1090,dby
things,1082,dby
say,1078,dby
David,1077,dby
over,1057,dby
hast,1050,dby
let,1043,dby
these,1035,dby
every,1020,dby
according,1008,dby
or,985,dby
make,973,dby
away,972,dby
name,968,dby
its,967,dby
saith,948,dby
Jesus,942,dby
earth,942,dby
great,937,dby
days,909,dby
because,878,dby
give,878,dby
she,871,dby
put,863,dby
so,861,dby
am,858,dby
among,852,dby
heart,849,dby
Moses,848,dby
forth,846,dby
city,845,dby
Judah,819,dby
having,815,dby
brought,814,dby
did,814,dby
those,813,dby
Jerusalem,810,dby
pass,808,dby
know,803,dby
been,792,dby
word,781,dby
behold,765,dby
should,753,dby
two,752,dby
take,751,dby
whom,747,dby
nor,742,dby
He,741,dby
then,735,dby
now,709,dby
set,707,dby
took,704,dby
any,703,dby
place,702,dby
good,695,dby
father,691,dby
fathers,678,dby
like,657,dby
sent,655,dby
even,642,dby
therefore,637,dby
way,627,dby
Egypt,617,dby
bring,613,dby
heard,612,dby
called,611,dby
kings,605,dby
more,602,dby
hundred,594,dby
evil,592,dby
see,580,dby
Behold,577,dby
nations,577,dby
thine,576,dby
time,574,dby
through,573,dby
eyes,571,dby
words,563,dby
Thou,561,dby
given,558,dby
fire,547,dby
himself,544,dby
done,543,dby
eat,543,dby
years,535,dby
spoke,533,dby
brethren,529,dby
own,528,dby
Then,527,dby
Christ,525,dby
again,508,dby
neither,507,dby
many,502,dby
voice,502,dby
thousand,500,dby
saw,497,dby
priest,493,dby
If,487,dby
than,487,dby
O,486,dby
soul,484,dby
thereof,482,dby
heavens,470,dby
gave,464,dby
might,461,dby
life,456,dby
cast,453,dby
blood,446,dby
mine,445,dby
They,439,dby
three,439,dby
speak,436,dby
work,434,dby
cities,433,dby
hands,430,dby
holy,430,dby
Let,429,dby
law,429,dby
together,429,dby
priests,428,dby
found,422,dby
midst,422,dby
until,421,dby
gold,418,dby
commanded,417,dby
flesh,417,dby
hear,417,dby
seven,417,dby
sword,417,dby
mouth,415,dby
art,413,dby
face,412,dby
Thus,408,dby
servant,406,dby
another,403,dby
death,401,dby
right,401,dby
Saul,400,dby
would,396,dby
head,394,dby
under,393,dby
servants,391,dby
wife,389,dby
glory,388,dby
other,388,dby
ever,382,dby
water,378,dby
taken,375,dby
altar,374,dby
themselves,374,dby
brother,370,dby
first,369,dby
side,367,dby
sea,366,dby
Jacob,358,dby
bread,358,dby
without,355,dby
left,353,dby
old,353,dby
whole,351,dby
thus,350,dby
yet,349,dby
says,348,dby
woman,345,dby
high,343,dby
how,342,dby
kingdom,340,dby
wicked,337,dby
round,336,dby
This,328,dby
answered,328,dby
fear,326,dby
end,325,dby
sin,325,dby
Aaron,324,dby
love,324,dby
year,323,dby
being,322,dby
die,321,dby
become,320,dby
thing,320,dby
dwell,316,dby
where,316,dby
Spirit,315,dby
cut,313,dby
hosts,313,dby
chief,310,dby
concerning,310,dby
dead,309,dby
covenant,308,dby
righteousness,307,dby
silver,307,dby
Now,306,dby
turned,304,dby
daughter,300,dby
stood,300,dby
both,297,dby
cause,297,dby
rest,296,dby
night,295,dby
none,295,dby
near,294,dby
wilderness,293,dby
keep,290,dby
waters,290,dby
Babylon,289,dby
peace,288,dby
pray,288,dby
tent,288,dby
seen,283,dby
written,283,dby
Son,282,dby
sight,282,dby
toward,282,dby
four,281,dby
judgment,281,dby
Solomon,280,dby
When,280,dby
drink,280,dby
field,280,dby
spoken,280,dby
My,278,dby
young,277,dby
seed,275,dby
five,274,dby
spirit,272,dby
anger,271,dby
peoples,271,dby
power,270,dby
much,268,dby
heaven,265,dby
Levites,263,dby
whose,261,dby
laid,260,dby
princes,260,dby
Father,259,dby
full,259,dby
righteous,259,dby
It,257,dby
between,256,dby
Philistines,255,dby
nothing,253,dby
feet,252,dby
gone,252,dby
month,252,dby
return,252,dby
turn,252,dby
daughters,251,dby
faith,250,dby
known,250,dby
works,250,dby
inheritance,249,dby
smote,248,dby
tribe,248,dby
Go,247,dby
stand,247,dby
very,247,dby
Jews,246,dby
Ye,246,dby
live,246,dby
enemies,245,dby
only,245,dby
light,244,dby
Who,243,dby
iniquity,243,dby
So,242,dby
little,242,dby
disciples,241,dby
thyself,240,dby
died,239,dby
prophets,239,dby
gate,238,dby
prophet,238,dby
world,238,dby
assembly,236,dby
lord,235,dby
seek,235,dby
Therefore,234,dby
coming,233,dby
lay,233,dby
strong,233,dby
wine,231,dby
wise,230,dby
mother,229,dby
told,229,dby
well,229,dby
Abraham,228,dby
Joseph,228,dby
ark,228,dby
serve,228,dby
delivered,227,dby
fall,227,dby
Pharaoh,226,dby
far,226,dby
gods,226,dby
wilt,226,dby
gathered,224,dby
morning,224,dby
cubits,221,dby
ten,221,dby
unclean,219,dby
Joshua,218,dby
war,217,dby
bear,216,dby
built,216,dby
fell,216,dby
These,215,dby
destroy,214,dby
send,213,dby
truth,213,dby
wisdom,213,dby
yourselves,213,dby
Ã¹God,213,dby
mighty,210,dby
sheep,210,dby
mountain,209,dby
walk,208,dby
Why,207,dby
oil,206,dby
dwelt,205,dby
each,204,dby
ground,204,dby
above,202,dby
deliver,202,dby
fruit,201,dby
some,201,dby
strength,201,dby
such,201,dby
Jordan,200,dby
burntoffering,199,dby
inhabitants,199,dby
places,199,dby
back,196,dby
All,195,dby
second,193,dby
temple,192,dby
There,191,dby
Is,190,dby
save,190,dby
service,190,dby
stone,190,dby
living,189,dby
present,189,dby
didst,186,dby
twelve,186,dby
sacrifice,185,dby
elders,184,dby
houses,184,dby
long,184,dby
returned,184,dby
border,183,dby
joy,183,dby
third,183,dby
going,182,dby
body,181,dby
ways,181,dby
blessed,180,dby
glad,180,dby
book,179,dby
mount,179,dby
same,179,dby
families,177,dby
new,177,dby
call,176,dby
mountains,176,dby
Ephraim,175,dby
began,175,dby
throne,175,dby
twenty,173,dby
LORD,172,dby
child,172,dby
indeed,172,dby
judge,172,dby
cry,171,dby
enter,171,dby
knowledge,171,dby
part,171,dby
camp,170,dby
number,170,dby
passed,170,dby
stones,170,dby
witness,170,dby
women,170,dby
broken,169,dby
cattle,169,dby
Thy,168,dby
able,168,dby
cried,168,dby
hold,168,dby
praise,168,dby
carried,167,dby
find,167,dby
lest,167,dby
six,167,dby
sins,166,dby
Because,165,dby
became,165,dby
reigned,165,dby
wall,165,dby
How,164,dby
commandment,164,dby
garments,164,dby
offering,163,dby
angel,162,dby
multitude,162,dby
salvation,162,dby
Moab,161,dby
river,161,dby
Zion,160,dby
country,160,dby
receive,160,dby
battle,159,dby
certain,159,dby
darkness,159,dby
sanctuary,159,dby
bore,158,dby
build,158,dby
cannot,158,dby
filled,158,dby
reign,158,dby
Peter,157,dby
lifted,157,dby
nation,157,dby
rose,157,dby
Paul,156,dby
begot,156,dby
ears,156,dby
here,156,dby
manner,156,dby
sun,156,dby
afraid,155,dby
oblation,155,dby
slain,153,dby
offer,152,dby
burned,151,dby
fled,151,dby
kept,151,dby
rejoice,151,dby
sat,151,dby
yea,151,dby
destroyed,149,dby
lovingkindness,149,dby
Benjamin,148,dby
commandments,148,dby
meeting,148,dby
within,148,dby
account,147,dby
why,147,dby
Jeremiah,146,dby
does,146,dby
possession,146,dby
received,146,dby
tell,146,dby
beast,145,dby
generation,144,dby
tidings,144,dby
Samuel,143,dby
can,143,dby
gates,143,dby
while,143,dby
Holy,142,dby
Manasseh,142,dby
cometh,141,dby
knew,141,dby
seeing,141,dby
understanding,141,dby
money,140,dby
shew,140,dby
statutes,140,dby
therein,140,dby
Take,138,dby
Joab,137,dby
born,137,dby
hearken,137,dby
tabernacle,137,dby
burn,136,dby
hope,136,dby
opened,136,dby
poor,136,dby
wind,136,dby
family,135,dby
food,135,dby
grace,135,dby
lie,135,dby
ones,135,dby
south,135,dby
east,134,dby
break,133,dby
alone,132,dby
answer,132,dby
half,132,dby
myself,132,dby
Come,131,dby
Hezekiah,131,dby
John,131,dby
certainly,131,dby
comes,131,dby
fat,131,dby
open,131,dby
sabbath,131,dby
rise,130,dby
appointed,129,dby
north,129,dby
order,129,dby
sinned,129,dby
times,129,dby
Isaac,128,dby
anything,128,dby
incense,128,dby
wives,128,dby
beasts,127,dby
sought,127,dby
tongue,127,dby
firstborn,126,dby
wickedness,126,dby
court,125,dby
look,125,dby
valley,125,dby
chosen,124,dby
could,124,dby
eye,124,dby
perish,124,dby
pieces,124,dby
believe,123,dby
captivity,123,dby
ear,123,dby
gather,123,dby
host,123,dby
meet,123,dby
smite,123,dby
thence,123,dby
wrath,123,dby
Samaria,122,dby
counsel,122,dby
feast,122,dby
vessels,122,dby
Assyria,121,dby
Blessed,121,dby
answering,121,dby
numbered,121,dby
prince,121,dby
till,121,dby
Jonathan,120,dby
departed,120,dby
desire,120,dby
doth,120,dby
fifty,120,dby
husband,120,dby
arose,119,dby
asked,119,dby
kill,119,dby
spread,119,dby
bless,118,dby
bondmen,118,dby
crowd,118,dby
removed,118,dby
horses,117,dby
lips,117,dby
names,117,dby
sinoffering,117,dby
thirty,117,dby
Jehovahs,116,dby
ashamed,116,dby
flock,116,dby
looked,116,dby
rock,116,dby
tribes,115,dby
sake,114,dby
seventh,114,dby
bondman,113,dby
caused,113,dby
dust,113,dby
entrance,113,dby
mercy,113,dby
walked,113,dby
Do,112,dby
chariots,112,dby
encamped,112,dby
maketh,112,dby
possess,112,dby
shame,112,dby
still,112,dby
suburbs,112,dby
tree,112,dby
waste,112,dby
wrought,112,dby
entered,111,dby
covered,110,dby
help,110,dby
honour,110,dby
pure,110,dby
speaking,110,dby
believed,109,dby
clean,109,dby
prepared,109,dby
sister,109,dby
towards,109,dby
hearkened,107,dby
offered,107,dby
saved,107,dby
sound,107,dby
bow,106,dby
cloud,106,dby
curse,106,dby
shut,106,dby
buried,105,dby
continually,105,dby
eaten,105,dby
beloved,104,dby
carry,104,dby
generations,104,dby
hour,104,dby
leave,104,dby
rain,104,dby
small,104,dby
stead,104,dby
Absalom,103,dby
Wherefore,103,dby
oxen,103,dby
presence,103,dby
spoil,103,dby
Jeroboam,102,dby
fury,102,dby
stranger,102,dby
wood,102,dby
ate,101,dby
congregation,101,dby
followed,101,dby
forty,101,dby
must,101,dby
neighbour,101,dby
table,101,dby
Egyptians,100,dby
anointed,100,dby
captains,100,dby
famine,100,dby
master,100,dby
raised,100,dby
slew,100,dby
Gilead,99,dby
portion,99,dby
Hear,98,dby
army,98,dby
beginning,98,dby
bones,98,dby
bound,98,dby
foot,98,dby
heads,98,dby
iron,97,dby
loved,97,dby
mans,97,dby
mayest,97,dby
whether,97,dby
better,96,dby
giveth,96,dby
prayer,96,dby
captain,95,dby
charge,95,dby
desolate,95,dby
early,95,dby
everlasting,95,dby
remember,95,dby
standing,95,dby
throughout,95,dby
command,94,dby
enemy,94,dby
flee,94,dby
sign,94,dby
Edom,93,dby
angels,93,dby
bullock,93,dby
fight,93,dby
idols,93,dby
Ahab,92,dby
Canaan,92,dby
abide,92,dby
fallen,92,dby
image,92,dby
lion,92,dby
poured,92,dby
though,92,dby
Shall,91,dby
afflicted,91,dby
fine,91,dby
led,91,dby
reproach,91,dby
sing,91,dby
souls,91,dby
teach,91,dby
Give,90,dby
His,90,dby
aside,90,dby
atonement,90,dby
dost,90,dby
drew,90,dby
favour,90,dby
hearts,90,dby
ask,89,dby
breadth,89,dby
destruction,89,dby
ram,89,dby
shekels,89,dby
skin,89,dby
vain,89,dby
Esau,88,dby
besides,88,dby
established,88,dby
heed,88,dby
length,88,dby
matter,88,dby
pillars,88,dby
sit,88,dby
trouble,88,dby
utterly,88,dby
mind,87,dby
sweet,87,dby
testimony,87,dby
Pharisees,86,dby
fulfilled,86,dby
garment,86,dby
hid,86,dby
perfect,86,dby
saints,86,dby
Jehoshaphat,85,dby
burntofferings,85,dby
consumed,85,dby
hate,85,dby
reason,85,dby
remained,85,dby
wherein,85,dby
abundance,84,dby
alive,84,dby
ass,84,dby
fourth,84,dby
precious,84,dby
remain,84,dby
since,84,dby
too,84,dby
No,83,dby
One,83,dby
behind,83,dby
bowed,83,dby
healed,83,dby
measure,83,dby
sore,83,dby
Daniel,82,dby
corn,82,dby
declare,82,dby
just,82,dby
labour,82,dby
pit,82,dby
slaughter,82,dby
Ammon,81,dby
beside,81,dby
evening,81,dby
goeth,81,dby
immediately,81,dby
last,81,dby
messengers,81,dby
remnant,81,dby
scribes,81,dby
staff,81,dby
trees,81,dby
wait,81,dby
whither,81,dby
rather,80,dby
vision,80,dby
youth,80,dby
Chaldeans,79,dby
Where,79,dby
beyond,79,dby
clothed,79,dby
lambs,79,dby
ordinances,79,dby
smitten,79,dby
thanks,79,dby
From,78,dby
Yea,78,dby
abomination,78,dby
abominations,78,dby
depart,78,dby
draw,78,dby
knowest,78,dby
most,78,dby
others,78,dby
tenth,78,dby
vanity,78,dby
Gods,77,dby
cup,77,dby
faithful,77,dby
fields,77,dby
greater,77,dby
lift,77,dby
mothers,77,dby
Psalm,76,dby
blind,76,dby
lot,76,dby
prey,76,dby
prophesy,76,dby
thither,76,dby
thought,76,dby
top,76,dby
womb,76,dby
Simon,75,dby
Woe,75,dby
committed,75,dby
door,75,dby
dream,75,dby
everything,75,dby
hill,75,dby
knowing,75,dby
never,75,dby
parts,75,dby
sacrifices,75,dby
signs,75,dby
understand,75,dby
wings,75,dby
write,75,dby
Levi,74,dby
Selah,74,dby
Verily,74,dby
delight,74,dby
greatly,74,dby
passover,74,dby
rich,74,dby
Reuben,73,dby
blessing,73,dby
fast,73,dby
judged,73,dby
lead,73,dby
scattered,73,dby
slay,73,dby
worship,73,dby
Eleazar,72,dby
Gad,72,dby
Hebron,72,dby
Syria,72,dby
arm,72,dby
rams,72,dby
served,72,dby
sitting,72,dby
sold,72,dby
true,72,dby
Bethel,71,dby
Elijah,71,dby
Every,71,dby
Lebanon,71,dby
dry,71,dby
moved,71,dby
riches,71,dby
Amorites,70,dby
Galilee,70,dby
Speak,70,dby
arise,70,dby
bed,70,dby
broke,70,dby
feared,70,dby
forsaken,70,dby
west,70,dby
authority,69,dby
bases,69,dby
brass,69,dby
cover,69,dby
neck,69,dby
ox,69,dby
ship,69,dby
villages,69,dby
wash,69,dby
wherewith,69,dby
Syrians,68,dby
already,68,dby
appeared,68,dby
burden,68,dby
devour,68,dby
goats,68,dby
hallow,68,dby
hallowed,68,dby
increase,68,dby
pour,68,dby
ready,68,dby
Have,67,dby
abode,67,dby
acts,67,dby
desolation,67,dby
doors,67,dby
eternal,67,dby
gracious,67,dby
hide,67,dby
judgments,67,dby
lying,67,dby
today,67,dby
trumpet,67,dby
vineyard,67,dby
whosoever,67,dby
afterwards,66,dby
cease,66,dby
hair,66,dby
heaveoffering,66,dby
read,66,dby
shadow,66,dby
shouldest,66,dby
stretched,66,dby
walls,66,dby
white,66,dby
Abimelech,65,dby
Sheol,65,dby
branches,65,dby
doeth,65,dby
ended,65,dby
exalted,65,dby
faces,65,dby
feed,65,dby
held,65,dby
seventy,65,dby
sleep,65,dby
swore,65,dby
tents,65,dby
upright,65,dby
wept,65,dby
Fear,64,dby
Jericho,64,dby
King,64,dby
See,64,dby
ages,64,dby
captive,64,dby
cherubim,64,dby
forward,64,dby
hated,64,dby
itself,64,dby
kindled,64,dby
knoweth,64,dby
loins,64,dby
person,64,dby
teaching,64,dby
thoughts,64,dby
At,63,dby
Dan,63,dby
She,63,dby
Zedekiah,63,dby
afar,63,dby
killed,63,dby
liveth,63,dby
outside,63,dby
persons,63,dby
pleasure,63,dby
remembered,63,dby
run,63,dby
strangers,63,dby
suffer,63,dby
wast,63,dby
Abner,62,dby
Arise,62,dby
Baal,62,dby
Balaam,62,dby
Shechem,62,dby
burning,62,dby
fought,62,dby
grass,62,dby
male,62,dby
rule,62,dby
taught,62,dby
Davids,61,dby
Job,61,dby
asses,61,dby
countenance,61,dby
doing,61,dby
flocks,61,dby
golden,61,dby
height,61,dby
horns,61,dby
lived,61,dby
ourselves,61,dby
rent,61,dby
rising,61,dby
ruler,61,dby
secret,61,dby
unleavened,61,dby
Damascus,60,dby
Nebuchadnezzar,60,dby
affliction,60,dby
deep,60,dby
defiled,60,dby
follow,60,dby
hidden,60,dby
loud,60,dby
streets,60,dby
thousands,60,dby
troubled,60,dby
Bashan,59,dby
Elisha,59,dby
crowds,59,dby
flour,59,dby
fowl,59,dby
free,59,dby
goes,59,dby
months,59,dby
need,59,dby
oath,59,dby
prison,59,dby
sick,59,dby
violence,59,dby
Almighty,58,dby
Asa,58,dby
Jehu,58,dby
Mordecai,58,dby
always,58,dby
apostles,58,dby
commit,58,dby
distress,58,dby
escape,58,dby
get,58,dby
gift,58,dby
judges,58,dby
linen,58,dby
longer,58,dby
nakedness,58,dby
raise,58,dby
refuge,58,dby
song,58,dby
sworn,58,dby
vine,58,dby
worthy,58,dby
Amen,57,dby
Tyre,57,dby
appearance,57,dby
bringeth,57,dby
driven,57,dby
edge,57,dby
false,57,dby
horsemen,57,dby
lamb,57,dby
once,57,dby
reward,57,dby
think,57,dby
treasures,57,dby
trust,57,dby
weight,57,dby
yoke,57,dby
Musician,56,dby
blemish,56,dby
chariot,56,dby
demons,56,dby
fifth,56,dby
fool,56,dby
graven,56,dby
honey,56,dby
kingdoms,56,dby
multiply,56,dby
prepare,56,dby
snare,56,dby
upward,56,dby
whence,56,dby
Pilate,55,dby
despised,55,dby
divided,55,dby
doings,55,dby
establish,55,dby
foolish,55,dby
forgive,55,dby
friend,55,dby
harvest,55,dby
letter,55,dby
moon,55,dby
rulers,55,dby
satisfied,55,dby
taking,55,dby
Satan,54,dby
baptised,54,dby
belly,54,dby
chamber,54,dby
countries,54,dby
glorified,54,dby
god,54,dby
household,54,dby
needy,54,dby
plain,54,dby
ran,54,dby
scribe,54,dby
tables,54,dby
Abram,53,dby
Esther,53,dby
Josiah,53,dby
Mary,53,dby
altars,53,dby
borne,53,dby
crown,53,dby
eight,53,dby
escaped,53,dby
few,53,dby
fornication,53,dby
foundation,53,dby
home,53,dby
mingled,53,dby
net,53,dby
prayed,53,dby
queen,53,dby
rivers,53,dby
surely,53,dby
terrible,53,dby
watch,53,dby
Canaanites,52,dby
Jehoiada,52,dby
Micah,52,dby
Zadok,52,dby
camels,52,dby
ephod,52,dby
fail,52,dby
iniquities,52,dby
noise,52,dby
rejoiced,52,dby
shepherds,52,dby
substance,52,dby
swear,52,dby
touched,52,dby
weep,52,dby
widow,52,dby
wrote,52,dby
+God,51,dby
Bring,51,dby
Laban,51,dby
Man,51,dby
Only,51,dby
adversaries,51,dby
age,51,dby
breath,51,dby
choose,51,dby
clothes,51,dby
copper,51,dby
deal,51,dby
dealt,51,dby
desert,51,dby
forgotten,51,dby
lions,51,dby
neighbours,51,dby
ought,51,dby
profit,51,dby
purple,51,dby
sacrificed,51,dby
stars,51,dby
talents,51,dby
transgressions,51,dby
weeping,51,dby
wonders,51,dby
Haman,50,dby
Lo,50,dby
Midian,50,dby
Most,50,dby
Naphtali,50,dby
Noah,50,dby
Rehoboam,50,dby
Remember,50,dby
beseech,50,dby
bullocks,50,dby
falsehood,50,dby
forsake,50,dby
garden,50,dby
justice,50,dby
kind,50,dby
lies,50,dby
next,50,dby
plague,50,dby
pride,50,dby
quickly,50,dby
shepherd,50,dby
slept,50,dby
strange,50,dby
terror,50,dby
torrent,50,dby
transgression,50,dby
verily,50,dby
Azariah,49,dby
Joash,49,dby
Simeon,49,dby
Yet,49,dby
amongst,49,dby
blue,49,dby
boast,49,dby
buy,49,dby
dominion,49,dby
fill,49,dby
friends,49,dby
habitation,49,dby
inquire,49,dby
opposite,49,dby
paths,49,dby
report,49,dby
scarlet,49,dby
shield,49,dby
trumpets,49,dby
witnesses,49,dby
yearling,49,dby
High,48,dby
Sodom,48,dby
confidence,48,dby
covering,48,dby
ends,48,dby
fortress,48,dby
grieved,48,dby
hard,48,dby
haste,48,dby
images,48,dby
low,48,dby
making,48,dby
perform,48,dby
pestilence,48,dby
redeemed,48,dby
supplication,48,dby
Are,47,dby
Ishmael,47,dby
Jesse,47,dby
Make,47,dby
Pharaohs,47,dby
Their,47,dby
bind,47,dby
bought,47,dby
devoured,47,dby
forget,47,dby
journey,47,dby
measured,47,dby
milk,47,dby
multiplied,47,dby
odour,47,dby
profane,47,dby
promise,47,dby
prophesied,47,dby
smoke,47,dby
spear,47,dby
statute,47,dby
staves,47,dby
unless,47,dby
upper,47,dby
utensils,47,dby
veil,47,dby
vineyards,47,dby
visit,47,dby
wroth,47,dby
Asaph,46,dby
Bethlehem,46,dby
Even,46,dby
Oh,46,dby
along,46,dby
begat,46,dby
changed,46,dby
clouds,46,dby
consider,46,dby
created,46,dby
dried,46,dby
dwelling,46,dby
forest,46,dby
former,46,dby
instruction,46,dby
lives,46,dby
nobles,46,dby
render,46,dby
sackcloth,46,dby
sepulchre,46,dby
shout,46,dby
silent,46,dby
sinners,46,dby
steps,46,dby
teeth,46,dby
writing,46,dby
Judaea,45,dby
Zebulun,45,dby
borders,45,dby
drive,45,dby
exceedingly,45,dby
following,45,dby
front,45,dby
gifts,45,dby
grow,45,dby
handmaid,45,dby
hills,45,dby
instead,45,dby
knows,45,dby
minister,45,dby
mourning,45,dby
observe,45,dby
officers,45,dby
pillar,45,dby
prosper,45,dby
pursue,45,dby
rings,45,dby
sixth,45,dby
vessel,45,dby
Asher,44,dby
Gibeah,44,dby
Issachar,44,dby
Shimei,44,dby
Will,44,dby
beauty,44,dby
cubit,44,dby
drank,44,dby
endureth,44,dby
folly,44,dby
goodness,44,dby
inherit,44,dby
parable,44,dby
peaceoffering,44,dby
separated,44,dby
taketh,44,dby
touch,44,dby
weak,44,dby
wheat,44,dby
worshipped,44,dby
Balak,43,dby
Mizpah,43,dby
Nathan,43,dby
Neither,43,dby
Rachel,43,dby
Zechariah,43,dby
abroad,43,dby
angry,43,dby
assembled,43,dby
boards,43,dby
byssus,43,dby
chiefs,43,dby
eastward,43,dby
forgiven,43,dby
fruitful,43,dby
hither,43,dby
instruments,43,dby
justified,43,dby
lo,43,dby
masters,43,dby
morrow,43,dby
rebuke,43,dby
redeem,43,dby
rod,43,dby
salt,43,dby
shekel,43,dby
synagogue,43,dby
thorns,43,dby
tomorrow,43,dby
washed,43,dby
whoever,43,dby
Benaiah,42,dby
James,42,dby
Our,42,dby
Say,42,dby
aloud,42,dby
begotten,42,dby
building,42,dby
captives,42,dby
corners,42,dby
greatness,42,dby
grievous,42,dby
heal,42,dby
homage,42,dby
innocent,42,dby
naked,42,dby
presented,42,dby
psalms,42,dby
rebellious,42,dby
remembrance,42,dby
resurrection,42,dby
risen,42,dby
root,42,dby
shed,42,dby
shewn,42,dby
shoulder,42,dby
suffered,42,dby
Ahaz,41,dby
Amaziah,41,dby
Gideon,41,dby
Shemaiah,41,dby
astonished,41,dby
conceived,41,dby
continual,41,dby
governor,41,dby
green,41,dby
hearing,41,dby
horse,41,dby
inner,41,dby
lords,41,dby
met,41,dby
peaceofferings,41,dby
plant,41,dby
proud,41,dby
pursued,41,dby
repaired,41,dby
repent,41,dby
sayest,41,dby
sixty,41,dby
sojourn,41,dby
suddenly,41,dby
thereon,41,dby
uncircumcised,41,dby
unrighteousness,41,dby
Elohim,40,dby
Gilgal,40,dby
Isaiah,40,dby
adultery,40,dby
bosom,40,dby
chambers,40,dby
curtain,40,dby
deceit,40,dby
divide,40,dby
doest,40,dby
drunk,40,dby
exceeding,40,dby
fatherless,40,dby
form,40,dby
gain,40,dby
harlot,40,dby
holiness,40,dby
inquired,40,dby
interpretation,40,dby
jealousy,40,dby
rejected,40,dby
search,40,dby
speaks,40,dby
toucheth,40,dby
vow,40,dby
walking,40,dby
wouldest,40,dby
Herod,39,dby
Merari,39,dby
Sarah,39,dby
Seir,39,dby
Sinai,39,dby
appear,39,dby
appoint,39,dby
arrows,39,dby
ashes,39,dby
bars,39,dby
birds,39,dby
circumcised,39,dby
clothing,39,dby
compassion,39,dby
consume,39,dby
empty,39,dby
girdle,39,dby
hamlets,39,dby
joined,39,dby
leprosy,39,dby
loaves,39,dby
molten,39,dby
nigh,39,dby
pleasant,39,dby
please,39,dby
revealed,39,dby
seized,39,dby
tower,39,dby
uncleanness,39,dby
valiant,39,dby
vengeance,39,dby
wealth,39,dby
Art,38,dby
Heshbon,38,dby
assemblies,38,dby
astray,38,dby
beaten,38,dby
chronicles,38,dby
decree,38,dby
drawn,38,dby
fierce,38,dby
finished,38,dby
formed,38,dby
lad,38,dby
lamp,38,dby
manifested,38,dby
purpose,38,dby
rebelled,38,dby
recompense,38,dby
ships,38,dby
stretch,38,dby
tears,38,dby
wild,38,dby
wrong,38,dby
Ahaziah,37,dby
Ai,37,dby
Did,37,dby
Gibeon,37,dby
Jehoiakim,37,dby
Sihon,37,dby
bands,37,dby
bondage,37,dby
bowels,37,dby
brothers,37,dby
bury,37,dby
crucified,37,dby
cursed,37,dby
dependent,37,dby
eating,37,dby
eighth,37,dby
entry,37,dby
faint,37,dby
fair,37,dby
firstfruits,37,dby
herself,37,dby
lands,37,dby
males,37,dby
meat,37,dby
oppressed,37,dby
ordinance,37,dby
overlaid,37,dby
practise,37,dby
reckoned,37,dby
restore,37,dby
serpent,37,dby
shake,37,dby
testimonies,37,dby
trespassoffering,37,dby
tumult,37,dby
Hamath,36,dby
Hast,36,dby
Korah,36,dby
Lot,36,dby
Ramah,36,dby
Samson,36,dby
Urijah,36,dby
apart,36,dby
beautiful,36,dby
charged,36,dby
circumcision,36,dby
comfort,36,dby
despise,36,dby
dew,36,dby
dismayed,36,dby
doorkeepers,36,dby
goest,36,dby
grew,36,dby
inhabited,36,dby
kindness,36,dby
loveth,36,dby
mischief,36,dby
mourn,36,dby
path,36,dby
planted,36,dby
pleased,36,dby
strengthened,36,dby
takes,36,dby
Eli,35,dby
Jizreel,35,dby
Rise,35,dby
abides,35,dby
beheld,35,dby
bitter,35,dby
confusion,35,dby
entering,35,dby
ephah,35,dby
flame,35,dby
fruits,35,dby
girded,35,dby
heap,35,dby
heat,35,dby
hired,35,dby
lamps,35,dby
least,35,dby
manifest,35,dby
members,35,dby
porch,35,dby
redemption,35,dby
regard,35,dby
respect,35,dby
sabbaths,35,dby
shewed,35,dby
singers,35,dby
soon,35,dby
sown,35,dby
spirits,35,dby
stayed,35,dby
tender,35,dby
Beersheba,34,dby
Gath,34,dby
Hilkijah,34,dby
Not,34,dby
Philip,34,dby
Teacher,34,dby
Which,34,dby
arms,34,dby
board,34,dby
declared,34,dby
devil,34,dby
faithfulness,34,dby
fortified,34,dby
heareth,34,dby
heavy,34,dby
line,34,dby
looking,34,dby
memorial,34,dby
messenger,34,dby
offerings,34,dby
often,34,dby
promised,34,dby
roll,34,dby
scatter,34,dby
sell,34,dby
sow,34,dby
spare,34,dby
thanksgiving,34,dby
Or,33,dby
Philistine,33,dby
Sheba,33,dby
Shiloh,33,dby
announce,33,dby
barley,33,dby
blow,33,dby
bodies,33,dby
bringing,33,dby
cave,33,dby
cleanse,33,dby
company,33,dby
cross,33,dby
double,33,dby
excellent,33,dby
execute,33,dby
horn,33,dby
increased,33,dby
loves,33,dby
named,33,dby
nine,33,dby
ninth,33,dby
pay,33,dby
perished,33,dby
provoke,33,dby
sorrow,33,dby
transgressed,33,dby
tribute,33,dby
turneth,33,dby
weary,33,dby
woe,33,dby
According,32,dby
Ammonites,32,dby
Angel,32,dby
Gedaliah,32,dby
Jew,32,dby
Kohath,32,dby
Surely,32,dby
Upon,32,dby
Wilt,32,dby
besought,32,dby
ceased,32,dby
chains,32,dby
cleansed,32,dby
curtains,32,dby
diligently,32,dby
flux,32,dby
furnace,32,dby
giving,32,dby
got,32,dby
grief,32,dby
guilty,32,dby
hail,32,dby
happened,32,dby
hurt,32,dby
indignation,32,dby
invited,32,dby
lieth,32,dby
means,32,dby
measures,32,dby
passeth,32,dby
possessed,32,dby
profaned,32,dby
scripture,32,dby
season,32,dby
separation,32,dby
shine,32,dby
slaughtered,32,dby
speaketh,32,dby
trembling,32,dby
virgin,32,dby
wheels,32,dby
wholly,32,dby
Ahasuerus,31,dby
Caleb,31,dby
Judas,31,dby
Nebuchadrezzar,31,dby
Sauls,31,dby
anoint,31,dby
array,31,dby
astonishment,31,dby
calf,31,dby
cedars,31,dby
completed,31,dby
conscience,31,dby
cords,31,dby
crying,31,dby
dark,31,dby
desired,31,dby
dish,31,dby
drinkoffering,31,dby
drinkofferings,31,dby
eateth,31,dby
female,31,dby
foundations,31,dby
gladness,31,dby
grown,31,dby
helped,31,dby
henceforth,31,dby
hungry,31,dby
journeyed,31,dby
kine,31,dby
lame,31,dby
language,31,dby
mercies,31,dby
oppression,31,dby
passing,31,dby
perhaps,31,dby
principle,31,dby
reap,31,dby
seeking,31,dby
silence,31,dby
speech,31,dby
straightway,31,dby
testify,31,dby
thrust,31,dby
tongues,31,dby
tread,31,dby
use,31,dby
Abiathar,30,dby
Cursed,30,dby
Elias,30,dby
Jephthah,30,dby
Nun,30,dby
Return,30,dby
Saviour,30,dby
Shaphan,30,dby
abundantly,30,dby
add,30,dby
bad,30,dby
bird,30,dby
confounded,30,dby
daily,30,dby
figtree,30,dby
fish,30,dby
fulness,30,dby
grapes,30,dby
hanged,30,dby
humbled,30,dby
learn,30,dby
looketh,30,dby
obey,30,dby
palaces,30,dby
prevailed,30,dby
produce,30,dby
provinces,30,dby
quiet,30,dby
refused,30,dby
straight,30,dby
subject,30,dby
treasure,30,dby
tremble,30,dby
walketh,30,dby
wondered,30,dby
Hananiah,29,dby
Hearken,29,dby
Jeshua,29,dby
Lamb,29,dby
Leah,29,dby
Peace,29,dby
Persia,29,dby
Put,29,dby
Rebecca,29,dby
Turn,29,dby
acceptable,29,dby
armed,29,dby
believes,29,dby
business,29,dby
calamity,29,dby
canst,29,dby
council,29,dby
courts,29,dby
deceived,29,dby
disciple,29,dby
doctrine,29,dby
dumb,29,dby
fools,29,dby
glorify,29,dby
hegoats,29,dby
keepeth,29,dby
knees,29,dby
lost,29,dby
lower,29,dby
majesty,29,dby
mercyseat,29,dby
ministered,29,dby
royal,29,dby
safety,29,dby
seeth,29,dby
sides,29,dby
sprinkle,29,dby
thirst,29,dby
valour,29,dby
vows,29,dby
younger,29,dby
Aarons,28,dby
Baasha,28,dby
Elam,28,dby
Hebrew,28,dby
Here,28,dby
Jah,28,dby
Johanan,28,dby
Joram,28,dby
Levite,28,dby
afflict,28,dby
arrived,28,dby
bathe,28,dby
beat,28,dby
breastplate,28,dby
broad,28,dby
calling,28,dby
count,28,dby
deliverance,28,dby
dogs,28,dby
firm,28,dby
fishes,28,dby
fountain,28,dby
hundreds,28,dby
ill,28,dby
likeness,28,dby
likewise,28,dby
mark,28,dby
palace,28,dby
posts,28,dby
price,28,dby
proclaim,28,dby
roof,28,dby
sand,28,dby
seas,28,dby
spices,28,dby
spring,28,dby
strife,28,dby
talked,28,dby
thick,28,dby
tribulation,28,dby
turning,28,dby
widows,28,dby
yield,28,dby
Barnabas,27,dby
Hittite,27,dby
Shallum,27,dby
Song,27,dby
Tell,27,dby
Uzziah,27,dby
acaciawood,27,dby
bare,27,dby
base,27,dby
bodyguard,27,dby
breasts,27,dby
carcase,27,dby
celebrate,27,dby
cherub,27,dby
chose,27,dby
companions,27,dby
corrupt,27,dby
dispossess,27,dby
enough,27,dby
falling,27,dby
finger,27,dby
gives,27,dby
goat,27,dby
hardened,27,dby
harp,27,dby
hire,27,dby
isles,27,dby
lawful,27,dby
letters,27,dby
magnified,27,dby
pasture,27,dby
praying,27,dby
priesthood,27,dby
ransom,27,dby
reed,27,dby
refuse,27,dby
remove,27,dby
running,27,dby
seal,27,dby
sealed,27,dby
seat,27,dby
singing,27,dby
strengthen,27,dby
stumble,27,dby
sure,27,dby
territory,27,dby
threshingfloor,27,dby
uncover,27,dby
waited,27,dby
workers,27,dby
Baruch,26,dby
Dost,26,dby
Ezra,26,dby
Red,26,dby
Though,26,dby
Your,26,dby
Zeruiah,26,dby
accept,26,dby
accepted,26,dby
altogether,26,dby
anointing,26,dby
around,26,dby
birth,26,dby
bonds,26,dby
bowl,26,dby
bowls,26,dby
breach,26,dby
bronze,26,dby
cakes,26,dby
caught,26,dby
couch,26,dby
covereth,26,dby
creatures,26,dby
drove,26,dby
dwelleth,26,dby
fatherinlaw,26,dby
fed,26,dby
flood,26,dby
gavest,26,dby
herds,26,dby
intelligence,26,dby
lamentation,26,dby
latter,26,dby
middle,26,dby
nought,26,dby
pledge,26,dby
powerful,26,dby
preserve,26,dby
provoked,26,dby
reached,26,dby
receives,26,dby
red,26,dby
restored,26,dby
ruin,26,dby
secretly,26,dby
sitteth,26,dby
skins,26,dby
something,26,dby
spiritual,26,dby
spoiled,26,dby
stay,26,dby
swallowed,26,dby
timber,26,dby
travail,26,dby
willing,26,dby
windows,26,dby
wish,26,dby
wounded,26,dby
Abijah,25,dby
Abishai,25,dby
Adonijah,25,dby
Also,25,dby
Amnon,25,dby
Arnon,25,dby
Darius,25,dby
Hallelujah,25,dby
Meshullam,25,dby
Mine,25,dby
Nebat,25,dby
Phinehas,25,dby
Sing,25,dby
Solomons,25,dby
Tarshish,25,dby
Whoso,25,dby
band,25,dby
begin,25,dby
bitterness,25,dby
bright,25,dby
causeth,25,dby
cleave,25,dby
comforted,25,dby
counted,25,dby
deeds,25,dby
division,25,dby
divisions,25,dby
dung,25,dby
eleven,25,dby
feasts,25,dby
fetch,25,dby
fourteenth,25,dby
grave,25,dby
guard,25,dby
hadst,25,dby
less,25,dby
loose,25,dby
loosed,25,dby
lusts,25,dby
makest,25,dby
matters,25,dby
moment,25,dby
oppress,25,dby
pity,25,dby
placed,25,dby
praised,25,dby
precepts,25,dby
proclaimed,25,dby
prosperity,25,dby
province,25,dby
putting,25,dby
rejoicing,25,dby
require,25,dby
seest,25,dby
simple,25,dby
swords,25,dby
synagogues,25,dby
thief,25,dby
trodden,25,dby
twentytwo,25,dby
valuation,25,dby
visited,25,dby
waveoffering,25,dby
Amalekites,24,dby
Before,24,dby
BenHadad,24,dby
Boaz,24,dby
Carmel,24,dby
Jebusites,24,dby
Jotham,24,dby
Lachish,24,dby
Maaseiah,24,dby
Many,24,dby
Moabites,24,dby
Salute,24,dby
Tamar,24,dby
Timotheus,24,dby
act,24,dby
announced,24,dby
ascent,24,dby
awake,24,dby
basket,24,dby
bearing,24,dby
breaketh,24,dby
breaking,24,dby
bridegroom,24,dby
buck,24,dby
burnt,24,dby
cedar,24,dby
clay,24,dby
comest,24,dby
confess,24,dby
confide,24,dby
contrary,24,dby
courage,24,dby
crushed,24,dby
cups,24,dby
defile,24,dby
degrees,24,dby
demon,24,dby
deny,24,dby
dwellings,24,dby
falleth,24,dby
fourteen,24,dby
fully,24,dby
governors,24,dby
grain,24,dby
hunger,24,dby
husbands,24,dby
inwards,24,dby
joyful,24,dby
lovers,24,dby
merciful,24,dby
pluck,24,dby
preached,24,dby
prudent,24,dby
punish,24,dby
regards,24,dby
roar,24,dby
separate,24,dby
sisters,24,dby
southward,24,dby
sprinkled,24,dby
supplications,24,dby
tempted,24,dby
tomb,24,dby
trespass,24,dby
twentyfour,24,dby
valleys,24,dby
void,24,dby
weapons,24,dby
whirlwind,24,dby
wing,24,dby
wonderful,24,dby
Ah,23,dby
Ahijah,23,dby
Amalek,23,dby
Benjaminites,23,dby
Caesar,23,dby
Cyrus,23,dby
Egyptian,23,dby
Ekron,23,dby
Having,23,dby
Hazael,23,dby
Jehoahaz,23,dby
Jehoram,23,dby
Keep,23,dby
accomplished,23,dby
apparel,23,dby
beneath,23,dby
best,23,dby
blew,23,dby
brightness,23,dby
choice,23,dby
complete,23,dby
dieth,23,dby
drinking,23,dby
elect,23,dby
else,23,dby
endurance,23,dby
flowing,23,dby
forces,23,dby
kissed,23,dby
leaven,23,dby
lots,23,dby
meek,23,dby
military,23,dby
northward,23,dby
past,23,dby
piece,23,dby
plagues,23,dby
pool,23,dby
possessions,23,dby
pronounce,23,dby
purposed,23,dby
rebuked,23,dby
repentance,23,dby
sees,23,dby
seize,23,dby
soldiers,23,dby
stoned,23,dby
streams,23,dby
swallow,23,dby
tithes,23,dby
trembled,23,dby
truly,23,dby
twelfth,23,dby
visions,23,dby
westward,23,dby
withered,23,dby
worse,23,dby
Ashdod,22,dby
Asherahs,22,dby
Belial,22,dby
Far,22,dby
Hiram,22,dby
Jezebel,22,dby
Lift,22,dby
Macedonia,22,dby
Machir,22,dby
Moreover,22,dby
Naboth,22,dby
Og,22,dby
Send,22,dby
Shushan,22,dby
Zerubbabel,22,dby
adversary,22,dby
amazed,22,dby
ancient,22,dby
anguish,22,dby
barren,22,dby
beard,22,dby
candlestick,22,dby
care,22,dby
change,22,dby
close,22,dby
clothe,22,dby
concubine,22,dby
contend,22,dby
custom,22,dby
damsel,22,dby
dedicated,22,dby
denied,22,dby
determined,22,dby
different,22,dby
dreams,22,dby
eagle,22,dby
eighteen,22,dby
eighty,22,dby
elder,22,dby
eternity,22,dby
exalt,22,dby
force,22,dby
foreign,22,dby
hears,22,dby
heavenly,22,dby
hin,22,dby
inhabitant,22,dby
laboured,22,dby
listen,22,dby
lust,22,dby
marry,22,dby
nights,22,dby
outer,22,dby
parents,22,dby
pomegranates,22,dby
preach,22,dby
prisoners,22,dby
release,22,dby
remaineth,22,dby
repented,22,dby
rows,22,dby
settled,22,dby
shields,22,dby
splendour,22,dby
steal,22,dby
stronghold,22,dby
torn,22,dby
twice,22,dby
twined,22,dby
uncovered,22,dby
understood,22,dby
used,22,dby
utter,22,dby
violent,22,dby
virgins,22,dby
wander,22,dby
want,22,dby
waves,22,dby
whereof,22,dby
Abrahams,21,dby
Achish,21,dby
Adam,21,dby
Alas,21,dby
Bethshemesh,21,dby
Elkanah,21,dby
Esaias,21,dby
Euphrates,21,dby
Grace,21,dby
Hittites,21,dby
Ithamar,21,dby
Josephs,21,dby
Kish,21,dby
Look,21,dby
Rejoice,21,dby
Sidon,21,dby
Since,21,dby
Sisera,21,dby
Thine,21,dby
Whom,21,dby
Zerah,21,dby
abound,21,dby
added,21,dby
ambush,21,dby
asleep,21,dby
avenged,21,dby
belonged,21,dby
branch,21,dby
brazen,21,dby
casting,21,dby
common,21,dby
condemn,21,dby
corner,21,dby
counsellors,21,dby
couriers,21,dby
creature,21,dby
darkened,21,dby
dispossessed,21,dby
dug,21,dby
during,21,dby
earnestly,21,dby
exhort,21,dby
figs,21,dby
glorious,21,dby
goods,21,dby
hasted,21,dby
hence,21,dby
herb,21,dby
husbandmen,21,dby
jubilee,21,dby
lodge,21,dby
meditate,21,dby
merchants,21,dby
mocked,21,dby
mourned,21,dby
mystery,21,dby
obeyed,21,dby
pain,21,dby
persecuted,21,dby
persuaded,21,dby
portions,21,dby
prayers,21,dby
preaching,21,dby
prophecy,21,dby
proverb,21,dby
purified,21,dby
reported,21,dby
seeks,21,dby
sharp,21,dby
sixteen,21,dby
snow,21,dby
summer,21,dby
taste,21,dby
therewith,21,dby
treacherously,21,dby
wages,21,dby
whereon,21,dby
winds,21,dby
working,21,dby
youngest,21,dby
Ahikam,20,dby
Ahithophel,20,dby
Amon,20,dby
Asia,20,dby
Baals,20,dby
Eliab,20,dby
Hebrews,20,dby
Joel,20,dby
Know,20,dby
Nadab,20,dby
Naomi,20,dby
Nethaniah,20,dby
Obadiah,20,dby
ObedEdom,20,dby
Praise,20,dby
Whence,20,dby
Whoever,20,dby
acted,20,dby
assemblage,20,dby
baptism,20,dby
beforehand,20,dby
besieged,20,dby
black,20,dby
carcases,20,dby
cells,20,dby
centurion,20,dby
coals,20,dby
corruption,20,dby
depths,20,dby
drunken,20,dby
eleventh,20,dby
err,20,dby
esteemed,20,dby
evildoers,20,dby
executed,20,dby
fixed,20,dby
fro,20,dby
granted,20,dby
hewn,20,dby
hillcountry,20,dby
hoofs,20,dby
humble,20,dby
instructed,20,dby
intelligent,20,dby
jealous,20,dby
large,20,dby
liberty,20,dby
lowland,20,dby
maid,20,dby
maidens,20,dby
maidservant,20,dby
married,20,dby
melted,20,dby
mens,20,dby
merry,20,dby
ministers,20,dby
ministry,20,dby
murderer,20,dby
offences,20,dby
overthrow,20,dby
plead,20,dby
plucked,20,dby
profitable,20,dby
prove,20,dby
ride,20,dby
rocks,20,dby
sailed,20,dby
salute,20,dby
searched,20,dby
seer,20,dby
shaken,20,dby
spears,20,dby
street,20,dby
strongholds,20,dby
threshold,20,dby
toil,20,dby
twentyfive,20,dby
uprightness,20,dby
village,20,dby
zeal,20,dby
Antioch,19,dby
Cain,19,dby
Doth,19,dby
Eden,19,dby
Enoch,19,dby
Gomorrah,19,dby
Haran,19,dby
Her,19,dby
Jonah,19,dby
Nevertheless,19,dby
RamothGilead,19,dby
Seraiah,19,dby
Set,19,dby
approach,19,dby
armies,19,dby
armour,19,dby
backward,19,dby
bank,19,dby
bottom,19,dby
boy,19,dby
burdens,19,dby
concubines,19,dby
conspired,19,dby
dawn,19,dby
deceive,19,dby
dwellest,19,dby
ease,19,dby
either,19,dby
encompassed,19,dby
exercise,19,dby
fifteen,19,dby
floor,19,dby
flower,19,dby
fulfil,19,dby
further,19,dby
harps,19,dby
herd,19,dby
honourable,19,dby
integrity,19,dby
lose,19,dby
mantle,19,dby
noble,19,dby
offended,19,dby
opening,19,dby
oppressors,19,dby
palmtrees,19,dby
plains,19,dby
pot,19,dby
preserved,19,dby
putteth,19,dby
rend,19,dby
request,19,dby
residue,19,dby
rested,19,dby
ring,19,dby
sakes,19,dby
sanctified,19,dby
scriptures,19,dby
slow,19,dby
sojourner,19,dby
spent,19,dby
storm,19,dby
stripes,19,dby
strive,19,dby
suck,19,dby
suffering,19,dby
teacher,19,dby
thigh,19,dby
troop,19,dby
uncircumcision,19,dby
uttered,19,dby
uttereth,19,dby
wherefore,19,dby
window,19,dby
wondrous,19,dby
Asahel,18,dby
Call,18,dby
Can,18,dby
Cast,18,dby
Christs,18,dby
Gather,18,dby
Gazah,18,dby
Geba,18,dby
Greeks,18,dby
Hazor,18,dby
Jacobs,18,dby
Keilah,18,dby
Michal,18,dby
Nabal,18,dby
Nethinim,18,dby
Nineveh,18,dby
Omri,18,dby
Perizzites,18,dby
Shelah,18,dby
Should,18,dby
Succoth,18,dby
Tirzah,18,dby
Tobijah,18,dby
advanced,18,dby
apostle,18,dby
arrow,18,dby
bears,18,dby
boldness,18,dby
bone,18,dby
breast,18,dby
calls,18,dby
careful,18,dby
carrying,18,dby
case,18,dby
chiliarch,18,dby
closed,18,dby
consecration,18,dby
creeping,18,dby
cruel,18,dby
delivereth,18,dby
demanded,18,dby
descended,18,dby
devise,18,dby
discern,18,dby
dove,18,dby
encamp,18,dby
exult,18,dby
falsely,18,dby
fasting,18,dby
fetched,18,dby
fifteenth,18,dby
forsook,18,dby
hateth,18,dby
healing,18,dby
heaps,18,dby
hot,18,dby
interpreted,18,dby
kidneys,18,dby
kindle,18,dby
kindly,18,dby
lack,18,dby
lament,18,dby
lampstand,18,dby
laws,18,dby
layeth,18,dby
legs,18,dby
loss,18,dby
maiden,18,dby
melt,18,dby
moreover,18,dby
motherinlaw,18,dby
obtained,18,dby
offspring,18,dby
oppressor,18,dby
ordained,18,dby
overtake,18,dby
pattern,18,dby
pressed,18,dby
prospered,18,dby
roots,18,dby
sandals,18,dby
sceptre,18,dby
shoot,18,dby
short,18,dby
shouting,18,dby
skilful,18,dby
songs,18,dby
standeth,18,dby
stature,18,dby
stripped,18,dby
subdued,18,dby
subjection,18,dby
sum,18,dby
swift,18,dby
talk,18,dby
thank,18,dby
twentieth,18,dby
vile,18,dby
whereas,18,dby
whithersoever,18,dby
whoredoms,18,dby
wool,18,dby
Ã¹word,18,dby
Abigail,17,dby
Amasa,17,dby
Amorite,17,dby
Asherah,17,dby
Athaliah,17,dby
Brethren,17,dby
Eliashib,17,dby
Elishama,17,dby
Gershon,17,dby
Ham,17,dby
Heman,17,dby
Horeb,17,dby
Jeduthun,17,dby
Jehoash,17,dby
Libnah,17,dby
Maachah,17,dby
Manoah,17,dby
Rabbi,17,dby
Reubenites,17,dby
Shem,17,dby
Whosoever,17,dby
accursed,17,dby
accuse,17,dby
ago,17,dby
armourbearer,17,dby
asunder,17,dby
avenger,17,dby
banner,17,dby
begged,17,dby
beholding,17,dby
belongs,17,dby
boil,17,dby
boughs,17,dby
calves,17,dby
chamberlains,17,dby
cloak,17,dby
condemned,17,dby
consecrated,17,dby
continued,17,dby
course,17,dby
daughterinlaw,17,dby
deceitful,17,dby
defence,17,dby
den,17,dby
digged,17,dby
distressed,17,dby
due,17,dby
dwellingplace,17,dby
equal,17,dby
eunuchs,17,dby
evermore,17,dby
excellency,17,dby
fatness,17,dby
fatted,17,dby
flow,17,dby
fly,17,dby
forehead,17,dby
frankincense,17,dby
greatest,17,dby
hang,17,dby
hatred,17,dby
hooks,17,dby
howl,17,dby
inward,17,dby
keeper,17,dby
kiss,17,dby
learned,17,dby
leaving,17,dby
locusts,17,dby
mean,17,dby
mention,17,dby
obedience,17,dby
offence,17,dby
ointment,17,dby
oracle,17,dby
parables,17,dby
perceived,17,dby
perfected,17,dby
perpetual,17,dby
prevail,17,dby
raiment,17,dby
related,17,dby
remaining,17,dby
reprove,17,dby
required,17,dby
riseth,17,dby
room,17,dby
row,17,dby
saidst,17,dby
sawest,17,dby
seeketh,17,dby
sinner,17,dby
sounded,17,dby
spared,17,dby
speedily,17,dby
spot,17,dby
springs,17,dby
stirred,17,dby
straw,17,dby
stronger,17,dby
stubble,17,dby
thrown,17,dby
thunder,17,dby
treacherous,17,dby
tried,17,dby
unfaithfulness,17,dby
unrighteous,17,dby
voluntary,17,dby
weighed,17,dby
wickedly,17,dby
willingly,17,dby
wonder,17,dby
Ahimelech,16,dby
Amariah,16,dby
Anathoth,16,dby
Aroer,16,dby
Ask,16,dby
Asshur,16,dby
Capernaum,16,dby
Deliver,16,dby
Draw,16,dby
Eber,16,dby
Ephesus,16,dby
Ethiopia,16,dby
Get,16,dby
Hezron,16,dby
Jebusite,16,dby
Jephunneh,16,dby
Kirjathjearim,16,dby
Like,16,dby
Lords,16,dby
Malchijah,16,dby
Mattaniah,16,dby
Men,16,dby
Naaman,16,dby
Nahor,16,dby
Ner,16,dby
Rabshakeh,16,dby
Sarai,16,dby
Stand,16,dby
Uzziel,16,dby
Was,16,dby
While,16,dby
Ziba,16,dby
abhor,16,dby
abominable,16,dby
abundant,16,dby
attend,16,dby
cake,16,dby
camest,16,dby
cloth,16,dby
cold,16,dby
confided,16,dby
conversation,16,dby
convocation,16,dby
cymbals,16,dby
deaf,16,dby
derision,16,dby
devices,16,dby
devoted,16,dby
diligence,16,dby
divination,16,dby
dog,16,dby
earthquake,16,dby
eats,16,dby
encourage,16,dby
endure,16,dby
enjoined,16,dby
envy,16,dby
expanse,16,dby
failed,16,dby
fastened,16,dby
founded,16,dby
gathereth,16,dby
gird,16,dby
grant,16,dby
graves,16,dby
guide,16,dby
hangings,16,dby
happen,16,dby
harlots,16,dby
heir,16,dby
idol,16,dby
ignorant,16,dby
leaves,16,dby
manna,16,dby
mightier,16,dby
mire,16,dby
mirth,16,dby
mouths,16,dby
murmured,16,dby
myrrh,16,dby
overcome,16,dby
pardon,16,dby
pastures,16,dby
patience,16,dby
performed,16,dby
perverse,16,dby
plot,16,dby
possible,16,dby
reasoned,16,dby
receiving,16,dby
reproof,16,dby
revelation,16,dby
ruled,16,dby
sending,16,dby
sentence,16,dby
sepulchres,16,dby
shot,16,dby
smiteth,16,dby
stir,16,dby
stopped,16,dby
surrounded,16,dby
testified,16,dby
theirs,16,dby
triumph,16,dby
vowed,16,dby
wearied,16,dby
weeks,16,dby
whomsoever,16,dby
wide,16,dby
winepress,16,dby
workmen,16,dby
wound,16,dby
yours,16,dby
Abednego,15,dby
Abel,15,dby
Again,15,dby
Ahimaaz,15,dby
Ahitub,15,dby
Artaxerxes,15,dby
Bani,15,dby
Beloved,15,dby
Caesarea,15,dby
Canaanite,15,dby
Does,15,dby
Eliakim,15,dby
Eliezer,15,dby
Eliphaz,15,dby
Gadites,15,dby
Gershom,15,dby
Gezer,15,dby
Goshen,15,dby
Hadad,15,dby
Hashabiah,15,dby
Hath,15,dby
Hur,15,dby
Kadesh,15,dby
Kohathites,15,dby
Lazarus,15,dby
Lest,15,dby
Meshach,15,dby
Michael,15,dby
Miriam,15,dby
Nebuzaradan,15,dby
Olives,15,dby
Pherez,15,dby
Rabbah,15,dby
Redeemer,15,dby
Rimmon,15,dby
Shadrach,15,dby
Whose,15,dby
Ziklag,15,dby
Zimri,15,dby
accused,15,dby
applied,15,dby
bald,15,dby
baptist,15,dby
believing,15,dby
belong,15,dby
blasphemed,15,dby
boasting,15,dby
bondmaid,15,dby
breaches,15,dby
capitals,15,dby
charges,15,dby
childrens,15,dby
cleansing,15,dby
companion,15,dby
contention,15,dby
deliverer,15,dby
demand,15,dby
desirous,15,dby
diligent,15,dby
dragon,15,dby
error,15,dby
expired,15,dby
extremity,15,dby
fame,15,dby
fasted,15,dby
feareth,15,dby
footstool,15,dby
fortyfive,15,dby
heifer,15,dby
heights,15,dby
herbs,15,dby
highway,15,dby
instruct,15,dby
keepers,15,dby
keeping,15,dby
kid,15,dby
laugh,15,dby
leper,15,dby
lightnings,15,dby
lodged,15,dby
lutes,15,dby
makes,15,dby
marriage,15,dby
mock,15,dby
music,15,dby
nest,15,dby
nostrils,15,dby
oblations,15,dby
persecute,15,dby
perverted,15,dby
piety,15,dby
played,15,dby
prisoner,15,dby
projections,15,dby
purge,15,dby
purify,15,dby
reasoning,15,dby
reins,15,dby
reproached,15,dby
robbers,15,dby
robe,15,dby
seem,15,dby
setting,15,dby
shook,15,dby
shouted,15,dby
sickness,15,dby
sojourneth,15,dby
speakest,15,dby
spend,15,dby
steward,15,dby
stretchedout,15,dby
strike,15,dby
sufferings,15,dby
swine,15,dby
tabernacles,15,dby
taxgatherers,15,dby
thirsty,15,dby
thirtytwo,15,dby
thoroughly,15,dby
towers,15,dby
troubles,15,dby
turban,15,dby
ungodly,15,dby
usury,15,dby
vest,15,dby
visitation,15,dby
voices,15,dby
wars,15,dby
watchman,15,dby
wave,15,dby
whereby,15,dby
winter,15,dby
wounds,15,dby
Am,14,dby
Barak,14,dby
Bless,14,dby
Cush,14,dby
Debir,14,dby
Depart,14,dby
Ephron,14,dby
Greek,14,dby
Hagar,14,dby
Has,14,dby
Heth,14,dby
Hivites,14,dby
Hushai,14,dby
Jehiel,14,dby
Jerubbaal,14,dby
Kareah,14,dby
Mephibosheth,14,dby
Nazaraean,14,dby
Nethaneel,14,dby
Pray,14,dby
Sadducees,14,dby
Terah,14,dby
Well,14,dby
accomplish,14,dby
advice,14,dby
assemble,14,dby
badgers,14,dby
beds,14,dby
blot,14,dby
bond,14,dby
bride,14,dby
brimstone,14,dby
broughtest,14,dby
calleth,14,dby
camps,14,dby
capital,14,dby
catch,14,dby
chamberlain,14,dby
colt,14,dby
consent,14,dby
contended,14,dby
corrupted,14,dby
despiseth,14,dby
disobedient,14,dby
drop,14,dby
encouragement,14,dby
faileth,14,dby
fault,14,dby
feeble,14,dby
fellowship,14,dby
fiery,14,dby
fingers,14,dby
fit,14,dby
forbear,14,dby
fornications,14,dby
fragrant,14,dby
frogs,14,dby
goings,14,dby
guiltless,14,dby
harm,14,dby
heritage,14,dby
higher,14,dby
hinder,14,dby
inadvertence,14,dby
inside,14,dby
jackals,14,dby
kinsmen,14,dby
lain,14,dby
laver,14,dby
lifting,14,dby
liver,14,dby
locust,14,dby
longsuffering,14,dby
mad,14,dby
meekness,14,dby
minded,14,dby
morsel,14,dby
natural,14,dby
nature,14,dby
news,14,dby
nose,14,dby
otherwise,14,dby
ours,14,dby
parched,14,dby
perceive,14,dby
play,14,dby
plunder,14,dby
poureth,14,dby
promises,14,dby
pronounced,14,dby
punishment,14,dby
quenched,14,dby
rely,14,dby
remainder,14,dby
rolled,14,dby
routed,14,dby
satisfy,14,dby
scall,14,dby
scourge,14,dby
serpents,14,dby
setteth,14,dby
shave,14,dby
shewing,14,dby
shoulders,14,dby
siege,14,dby
sits,14,dby
star,14,dby
stick,14,dby
stolen,14,dby
stroke,14,dby
sunrising,14,dby
tail,14,dby
teachers,14,dby
thrice,14,dby
thrones,14,dby
tithe,14,dby
troops,14,dby
try,14,dby
unbelief,14,dby
urged,14,dby
wasted,14,dby
watching,14,dby
weakness,14,dby
welfare,14,dby
whoredom,14,dby
whoring,14,dby
whoso,14,dby
withdraw,14,dby
worthless,14,dby
Ã¹god,14,dby
Amminadab,13,dby
Amram,13,dby
Andrew,13,dby
Awake,13,dby
Bela,13,dby
Better,13,dby
Danites,13,dby
Eglon,13,dby
Elah,13,dby
Festus,13,dby
Hannah,13,dby
Hermon,13,dby
Hinnom,13,dby
Iddo,13,dby
Israelites,13,dby
Jaazer,13,dby
Jedaiah,13,dby
Jeiel,13,dby
Jonas,13,dby
Joppa,13,dby
Mahanaim,13,dby
Maker,13,dby
Mark,13,dby
Martha,13,dby
Medes,13,dby
Nebo,13,dby
Obed,13,dby
Ophir,13,dby
Rechab,13,dby
Ruth,13,dby
Seek,13,dby
Sennacherib,13,dby
Seven,13,dby
Shephatiah,13,dby
Stretch,13,dby
Suffer,13,dby
Titus,13,dby
Unless,13,dby
Would,13,dby
aged,13,dby
alms,13,dby
although,13,dby
announcing,13,dby
attached,13,dby
awoke,13,dby
baggage,13,dby
beam,13,dby
beg,13,dby
begun,13,dby
builders,13,dby
cart,13,dby
cloven,13,dby
comely,13,dby
completely,13,dby
continue,13,dby
controversy,13,dby
courageous,13,dby
crawling,13,dby
crooked,13,dby
deeper,13,dby
delay,13,dby
difference,13,dby
dig,13,dby
directed,13,dby
discovered,13,dby
dishonour,13,dby
doves,13,dby
dreamed,13,dby
dress,13,dby
dwells,13,dby
earthen,13,dby
evenings,13,dby
expectation,13,dby
findeth,13,dby
finds,13,dby
fortytwo,13,dby
fountains,13,dby
freely,13,dby
gall,13,dby
gathering,13,dby
genealogy,13,dby
groaning,13,dby
guilt,13,dby
habitable,13,dby
hairs,13,dby
happy,13,dby
holding,13,dby
hypocrites,13,dby
idle,13,dby
inclined,13,dby
increaseth,13,dby
inhabit,13,dby
inhabitress,13,dby
ivory,13,dby
kindred,13,dby
kinds,13,dby
laying,13,dby
leavened,13,dby
lewdness,13,dby
listened,13,dby
locks,13,dby
loops,13,dby
lute,13,dby
meal,13,dby
mightest,13,dby
moons,13,dby
necessary,13,dby
occasion,13,dby
olive,13,dby
openly,13,dby
ordered,13,dby
overflow,13,dby
overlay,13,dby
oversight,13,dby
overthrown,13,dby
owner,13,dby
polluted,13,dby
prolong,13,dby
property,13,dby
race,13,dby
reckon,13,dby
recompence,13,dby
reserved,13,dby
revive,13,dby
riding,13,dby
sack,13,dby
satraps,13,dby
shining,13,dby
shone,13,dby
shore,13,dby
sickle,13,dby
sinful,13,dby
sinneth,13,dby
sluggard,13,dby
sole,13,dby
solemn,13,dby
soninlaw,13,dby
sorrows,13,dby
spake,13,dby
spreadeth,13,dby
square,13,dby
stumbled,13,dby
supper,13,dby
talent,13,dby
tear,13,dby
tempt,13,dby
temptation,13,dby
thirteen,13,dby
thunders,13,dby
torches,13,dby
town,13,dby
twentyeight,13,dby
twentythree,13,dby
unfaithfully,13,dby
vanities,13,dby
vinegar,13,dby
worm,13,dby
Abihu,12,dby
Abinadab,12,dby
Aha,12,dby
Amoz,12,dby
Anah,12,dby
Ashkelon,12,dby
Barzillai,12,dby
Bethany,12,dby
Bethhoron,12,dby
Consider,12,dby
Esaus,12,dby
Forasmuch,12,dby
Gehazi,12,dby
Great,12,dby
Hadarezer,12,dby
Hamor,12,dby
Hanan,12,dby
Hor,12,dby
Hoshea,12,dby
Huram,12,dby
Ishbosheth,12,dby
Jonadab,12,dby
Judge,12,dby
Kedar,12,dby
Kedesh,12,dby
Mahli,12,dby
Midianites,12,dby
Nazareth,12,dby
None,12,dby
Ornan,12,dby
Pharisee,12,dby
Remaliah,12,dby
Silas,12,dby
Sir,12,dby
Sit,12,dby
Today,12,dby
Truly,12,dby
Until,12,dby
Zalmunna,12,dby
Zebah,12,dby
Zebedee,12,dby
Zobah,12,dby
accord,12,dby
acquired,12,dby
annulled,12,dby
ascended,12,dby
beareth,12,dby
becomes,12,dby
blameless,12,dby
booths,12,dby
burneth,12,dby
censer,12,dby
chaff,12,dby
chain,12,dby
chased,12,dby
clear,12,dby
cleaveth,12,dby
cock,12,dby
confideth,12,dby
confirm,12,dby
constantly,12,dby
contempt,12,dby
correction,12,dby
counsellor,12,dby
counsels,12,dby
coupling,12,dby
creation,12,dby
crieth,12,dby
defect,12,dby
destroying,12,dby
devised,12,dby
dip,12,dby
diseases,12,dby
dismissed,12,dby
drought,12,dby
fellow,12,dby
finding,12,dby
floods,12,dby
flowers,12,dby
forbid,12,dby
formerly,12,dby
gardens,12,dby
godly,12,dby
haughty,12,dby
health,12,dby
heaveofferings,12,dby
hell,12,dby
hiss,12,dby
hyssop,12,dby
incline,12,dby
indignant,12,dby
issue,12,dby
join,12,dby
judging,12,dby
labours,12,dby
lake,12,dby
lawlessness,12,dby
leading,12,dby
lightly,12,dby
marvellous,12,dby
midnight,12,dby
mixed,12,dby
mortally,12,dby
mortar,12,dby
necks,12,dby
petition,12,dby
pitcher,12,dby
plateau,12,dby
potter,12,dby
poverty,12,dby
purification,12,dby
quench,12,dby
rage,12,dby
ranks,12,dby
reach,12,dby
recover,12,dby
remission,12,dby
repair,12,dby
roaring,12,dby
rode,12,dby
rods,12,dby
ruleth,12,dby
rushed,12,dby
scales,12,dby
scorner,12,dby
servile,12,dby
serving,12,dby
shaketh,12,dby
shaved,12,dby
shoulderpieces,12,dby
skirt,12,dby
skirts,12,dby
slayer,12,dby
smell,12,dby
sojourners,12,dby
sort,12,dby
sowed,12,dby
spies,12,dby
straitened,12,dby
stringed,12,dby
struck,12,dby
sufficient,12,dby
tempest,12,dby
teraphim,12,dby
terebinth,12,dby
terrors,12,dby
thereby,12,dby
tooth,12,dby
torment,12,dby
trial,12,dby
unbelieving,12,dby
united,12,dby
victory,12,dby
victuals,12,dby
watched,12,dby
wheel,12,dby
Abiram,11,dby
Against,11,dby
Agrippa,11,dby
Ananias,11,dby
Barabbas,11,dby
Bathsheba,11,dby
Berechiah,11,dby
Beriah,11,dby
Bilhah,11,dby
Children,11,dby
Dagon,11,dby
Declare,11,dby
Dedan,11,dby
Edomites,11,dby
Ehud,11,dby
Elihu,11,dby
Er,11,dby
Gog,11,dby
Haggai,11,dby
Hanani,11,dby
Hanun,11,dby
Harim,11,dby
Heber,11,dby
Hivite,11,dby
Howl,11,dby
Iscariote,11,dby
Jabesh,11,dby
Japheth,11,dby
Joah,11,dby
Juda,11,dby
Kenaz,11,dby
Kidron,11,dby
Lay,11,dby
Lemech,11,dby
Magdala,11,dby
Megiddo,11,dby
Milcah,11,dby
Nile,11,dby
Paran,11,dby
Pekah,11,dby
Prepare,11,dby
Prophesy,11,dby
Rahab,11,dby
Reuel,11,dby
Rezin,11,dby
Riblah,11,dby
Sea,11,dby
Shew,11,dby
Teman,11,dby
Thomas,11,dby
Those,11,dby
Timnah,11,dby
Tomorrow,11,dby
Uzzi,11,dby
Zacharias,11,dby
Zelophehad,11,dby
Zidon,11,dby
allowed,11,dby
appearing,11,dby
artistic,11,dby
avenge,11,dby
bag,11,dby
basons,11,dby
bent,11,dby
beware,11,dby
bitterly,11,dby
blessings,11,dby
bondwomen,11,dby
burst,11,dby
certainty,11,dby
clave,11,dby
conceive,11,dby
consulted,11,dby
covetousness,11,dby
crucify,11,dby
crush,11,dby
cud,11,dby
cutting,11,dby
deed,11,dby
delicate,11,dby
delighteth,11,dby
delights,11,dby
descend,11,dby
descending,11,dby
dungeon,11,dby
eagles,11,dby
effect,11,dby
eighteenth,11,dby
encouraged,11,dby
enlarge,11,dby
entirely,11,dby
entrusted,11,dby
equity,11,dby
exercised,11,dby
eyelids,11,dby
fearing,11,dby
fierceness,11,dby
flask,11,dby
footmen,11,dby
gained,11,dby
giants,11,dby
habitations,11,dby
heardest,11,dby
hegoat,11,dby
heretofore,11,dby
hitherto,11,dby
honoured,11,dby
informed,11,dby
injuriously,11,dby
island,11,dby
joint,11,dby
lacking,11,dby
lamented,11,dby
leaf,11,dby
lean,11,dby
lend,11,dby
liar,11,dby
lightning,11,dby
lioness,11,dby
lusted,11,dby
maintain,11,dby
murmur,11,dby
ninety,11,dby
oak,11,dby
onyx,11,dby
openeth,11,dby
orders,11,dby
pervert,11,dby
pipe,11,dby
plenty,11,dby
pots,11,dby
praising,11,dby
preparation,11,dby
presents,11,dby
proceed,11,dby
proved,11,dby
provision,11,dby
provoking,11,dby
pursuers,11,dby
puts,11,dby
raging,11,dby
ransomed,11,dby
rear,11,dby
rebel,11,dby
recovered,11,dby
rejoiceth,11,dby
rendered,11,dby
requite,11,dby
riddle,11,dby
robes,11,dby
safe,11,dby
sandal,11,dby
sang,11,dby
seems,11,dby
sendeth,11,dby
settle,11,dby
sidechambers,11,dby
sojourned,11,dby
soothsayers,11,dby
space,11,dby
spit,11,dby
standard,11,dby
stands,11,dby
sticks,11,dby
store,11,dby
stubborn,11,dby
stubbornness,11,dby
surety,11,dby
surnamed,11,dby
talking,11,dby
tarry,11,dby
thirteenth,11,dby
treasuries,11,dby
trusted,11,dby
uncle,11,dby
unjust,11,dby
uttermost,11,dby
vexation,11,dby
violently,11,dby
virginity,11,dby
vomit,11,dby
wailing,11,dby
wandered,11,dby
warm,11,dby
watercourses,11,dby
watered,11,dby
weaned,11,dby
wedding,11,dby
week,11,dby
wentest,11,dby
whereunto,11,dby
whilst,11,dby
wisely,11,dby
withdrew,11,dby
worketh,11,dby
wrapped,11,dby
Abide,10,dby
Achaia,10,dby
Ammihud,10,dby
Apollos,10,dby
Aram,10,dby
Arphaxad,10,dby
Assyrian,10,dby
Baanah,10,dby
Belteshazzar,10,dby
Beor,10,dby
Bethuel,10,dby
Concerning,10,dby
Dathan,10,dby
Deborah,10,dby
Destroy,10,dby
Eliel,10,dby
Ethiopians,10,dby
Ezer,10,dby
Follow,10,dby
Gerar,10,dby
Gershonites,10,dby
Him,10,dby
Honour,10,dby
Immer,10,dby
Incline,10,dby
Israels,10,dby
Jair,10,dby
Jehoiachin,10,dby
Jeroham,10,dby
Jethro,10,dby
Jozabad,10,dby
Kadeshbarnea,10,dby
Mamre,10,dby
Master,10,dby
Melchisedec,10,dby
Nahash,10,dby
Nahshon,10,dby
Nerijah,10,dby
Nor,10,dby
Open,10,dby
PadanAram,10,dby
Rehob,10,dby
Remove,10,dby
Rephaim,10,dby
Sanballat,10,dby
Shelemiah,10,dby
Six,10,dby
Some,10,dby
Tabor,10,dby
Topheth,10,dby
Uzza,10,dby
Vashti,10,dby
Whither,10,dby
Wisdom,10,dby
Write,10,dby
Zephaniah,10,dby
Zichri,10,dby
Zin,10,dby
Ziph,10,dby
Zoar,10,dby
abideth,10,dby
absent,10,dby
acknowledge,10,dby
adjure,10,dby
air,10,dby
alarm,10,dby
alike,10,dby
answereth,10,dby
ascend,10,dby
assuredly,10,dby
attendant,10,dby
backsliding,10,dby
balance,10,dby
banquet,10,dby
baths,10,dby
becometh,10,dby
befall,10,dby
befallen,10,dby
beget,10,dby
bend,10,dby
besiege,10,dby
betrothed,10,dby
birthright,10,dby
bold,10,dby
briars,10,dby
brim,10,dby
broadways,10,dby
clasps,10,dby
coast,10,dby
companies,10,dby
compelled,10,dby
conduct,10,dby
confession,10,dby
confirmed,10,dby
considered,10,dby
conspiracy,10,dby
custody,10,dby
customs,10,dby
delighted,10,dby
departure,10,dby
destroyeth,10,dby
disease,10,dby
district,10,dby
divers,10,dby
divine,10,dby
drinks,10,dby
duty,10,dby
encompass,10,dby
enjoin,10,dby
enjoy,10,dby
enmity,10,dby
feasting,10,dby
fellows,10,dby
fever,10,dby
fiftytwo,10,dby
filthiness,10,dby
firstling,10,dby
flax,10,dby
flight,10,dby
flourish,10,dby
flying,10,dby
fold,10,dby
garrison,10,dby
gazelle,10,dby
getting,10,dby
givest,10,dby
glean,10,dby
goodly,10,dby
guile,10,dby
hades,10,dby
hasten,10,dby
hates,10,dby
hearest,10,dby
heirs,10,dby
highly,10,dby
hindered,10,dby
holes,10,dby
homer,10,dby
honest,10,dby
hoped,10,dby
hunt,10,dby
infirmity,10,dby
inform,10,dby
interest,10,dby
jewels,10,dby
judgest,10,dby
judgmentseat,10,dby
justify,10,dby
knob,10,dby
leader,10,dby
leads,10,dby
lights,10,dby
liken,10,dby
loaf,10,dby
lofty,10,dby
magnify,10,dby
maids,10,dby
manifold,10,dby
mistress,10,dby
moth,10,dby
mourneth,10,dby
nails,10,dby
needs,10,dby
network,10,dby
noon,10,dby
nourished,10,dby
office,10,dby
olivetree,10,dby
opportunity,10,dby
ornament,10,dby
ornaments,10,dby
oven,10,dby
overflowing,10,dby
overseer,10,dby
overthrew,10,dby
overwhelmed,10,dby
pale,10,dby
pegs,10,dby
pigeons,10,dby
pious,10,dby
poison,10,dby
powder,10,dby
press,10,dby
proclamation,10,dby
prolonged,10,dby
provocation,10,dby
publish,10,dby
puffed,10,dby
purposes,10,dby
pursueth,10,dby
quicken,10,dby
quietness,10,dby
ravine,10,dby
reacheth,10,dby
reading,10,dby
really,10,dby
rebellion,10,dby
refreshed,10,dby
registered,10,dby
reveal,10,dby
reverence,10,dby
rumour,10,dby
sad,10,dby
saddled,10,dby
safely,10,dby
sail,10,dby
saveth,10,dby
seasons,10,dby
seemed,10,dby
seemeth,10,dby
senseless,10,dby
sheaves,10,dby
shewbread,10,dby
sheweth,10,dby
sighing,10,dby
sittest,10,dby
skies,10,dby
sleeping,10,dby
slumber,10,dby
smiting,10,dby
snares,10,dby
specially,10,dby
speckled,10,dby
spy,10,dby
stumblingblock,10,dby
subdue,10,dby
subsist,10,dby
tasted,10,dby
teachest,10,dby
tip,10,dby
tops,10,dby
touching,10,dby
towns,10,dby
value,10,dby
vines,10,dby
washing,10,dby
watchmen,10,dby
wayside,10,dby
withdrawn,10,dby
withstand,10,dby
worth,10,dby
youths,10,dby
zealous,10,dby
Adaiah,9,dby
Adar,9,dby
Adullam,9,dby
Ammonite,9,dby
Amos,9,dby
Anak,9,dby
Anakim,9,dby
Araunah,9,dby
Ashtaroth,9,dby
Benjaminite,9,dby
Bezaleel,9,dby
Bozrah,9,dby
Caiaphas,9,dby
Cherethites,9,dby
Cushite,9,dby
Dibon,9,dby
Elizabeth,9,dby
Felix,9,dby
Gaal,9,dby
Gera,9,dby
Gileadite,9,dby
Gird,9,dby
HE,9,dby
Hadadezer,9,dby
Hepher,9,dby
Hormah,9,dby
Ittai,9,dby
Jeush,9,dby
Jewish,9,dby
Jobab,9,dby
Love,9,dby
Makkedah,9,dby
Meshech,9,dby
Michmash,9,dby
Nay,9,dby
Rock,9,dby
Save,9,dby
Seth,9,dby
Shealtiel,9,dby
Shelomith,9,dby
Shobal,9,dby
Smite,9,dby
Wherein,9,dby
Whether,9,dby
Zaccur,9,dby
Zebadiah,9,dby
Zidonians,9,dby
abiding,9,dby
accusation,9,dby
acquainted,9,dby
adversity,9,dby
allow,9,dby
animal,9,dby
apply,9,dby
archers,9,dby
asking,9,dby
attain,9,dby
babes,9,dby
backs,9,dby
balances,9,dby
baptise,9,dby
baskets,9,dby
bathed,9,dby
bereaved,9,dby
bindeth,9,dby
bloody,9,dby
boldly,9,dby
bows,9,dby
brings,9,dby
brooks,9,dby
brutish,9,dby
camel,9,dby
cares,9,dby
caves,9,dby
cedarwood,9,dby
censers,9,dby
chastise,9,dby
childless,9,dby
citizens,9,dby
classes,9,dby
consecrate,9,dby
copy,9,dby
corpse,9,dby
costly,9,dby
craftsmen,9,dby
cruse,9,dby
cursing,9,dby
dance,9,dby
dedication,9,dby
defeated,9,dby
degree,9,dby
denarius,9,dby
desireth,9,dby
desolations,9,dby
diminish,9,dby
disperse,9,dby
dogflies,9,dby
drugs,9,dby
dyed,9,dby
dying,9,dby
emptied,9,dby
enclosures,9,dby
endured,9,dby
entereth,9,dby
eunuch,9,dby
everywhere,9,dby
evils,9,dby
faithfully,9,dby
fearful,9,dby
fetters,9,dby
foolishness,9,dby
forasmuch,9,dby
foreskin,9,dby
foxes,9,dby
fragments,9,dby
fresh,9,dby
furnished,9,dby
getteth,9,dby
gloom,9,dby
groan,9,dby
handmaids,9,dby
harden,9,dby
hart,9,dby
hastened,9,dby
helper,9,dby
holden,9,dby
holdeth,9,dby
homeborn,9,dby
households,9,dby
injure,9,dby
javelin,9,dby
journeying,9,dby
keeps,9,dby
knewest,9,dby
languish,9,dby
languisheth,9,dby
leaders,9,dby
league,9,dby
leap,9,dby
leprous,9,dby
lovingkindnesses,9,dby
lowly,9,dby
madness,9,dby
maintained,9,dby
manslayer,9,dby
march,9,dby
merchandise,9,dby
message,9,dby
mindful,9,dby
ministering,9,dby
mischievous,9,dby
mortal,9,dby
mounted,9,dby
mule,9,dby
mules,9,dby
murmurings,9,dby
myriads,9,dby
nay,9,dby
necromancers,9,dby
nevertheless,9,dby
noonday,9,dby
nurse,9,dby
obeisance,9,dby
object,9,dby
obtain,9,dby
overcomes,9,dby
overseers,9,dby
overtook,9,dby
palms,9,dby
pan,9,dby
pangs,9,dby
paralytic,9,dby
partake,9,dby
parted,9,dby
pitched,9,dby
pleasing,9,dby
plough,9,dby
potters,9,dby
practises,9,dby
previously,9,dby
producing,9,dby
provide,9,dby
purged,9,dby
realm,9,dby
recognised,9,dby
reeds,9,dby
regardeth,9,dby
register,9,dby
remains,9,dby
restrained,9,dby
revolted,9,dby
rewarded,9,dby
rob,9,dby
rooted,9,dby
ropes,9,dby
runneth,9,dby
sacks,9,dby
sank,9,dby
sapphire,9,dby
scorpions,9,dby
secrets,9,dby
secure,9,dby
sends,9,dby
sets,9,dby
sevenfold,9,dby
seventeen,9,dby
seventyfive,9,dby
sheaf,9,dby
shovels,9,dby
showers,9,dby
sink,9,dby
smooth,9,dby
sober,9,dby
sorceries,9,dby
spotted,9,dby
stream,9,dby
stumbling,9,dby
subjected,9,dby
takest,9,dby
teacheth,9,dby
terrified,9,dby
thin,9,dby
thirtyfive,9,dby
thirtyseven,9,dby
thornbush,9,dby
threshing,9,dby
threw,9,dby
tombs,9,dby
tonight,9,dby
transgress,9,dby
transgressors,9,dby
trembleth,9,dby
turtledoves,9,dby
unfaithful,9,dby
various,9,dby
view,9,dby
vintage,9,dby
waggons,9,dby
warp,9,dby
wells,9,dby
whelps,9,dby
woof,9,dby
worlds,9,dby
wormwood,9,dby
yearly,9,dby
Abdon,8,dby
Abrams,8,dby
Adah,8,dby
Agag,8,dby
Ajalon,8,dby
Akkub,8,dby
Although,8,dby
Aphek,8,dby
Arabia,8,dby
Asaiah,8,dby
Azmaveth,8,dby
Babylons,8,dby
Belshazzar,8,dby
Beware,8,dby
Bichri,8,dby
Both,8,dby
Buy,8,dby
Cainan,8,dby
Carmi,8,dby
Chebar,8,dby
Chemosh,8,dby
Cilicia,8,dby
Command,8,dby
Cornelius,8,dby
Drink,8,dby
Ebal,8,dby
Edrei,8,dby
Elioenai,8,dby
Eliphelet,8,dby
Ethan,8,dby
Ethiopian,8,dby
Fathers,8,dby
Flee,8,dby
Geshur,8,dby
Gilboa,8,dby
Gittite,8,dby
Hallow,8,dby
Happy,8,dby
Hereby,8,dby
JabeshGilead,8,dby
Jachin,8,dby
Jahath,8,dby
Jehozadak,8,dby
Jerahmeel,8,dby
Jether,8,dby
Jizreelite,8,dby
Joabs,8,dby
Kadmiel,8,dby
Kenites,8,dby
Long,8,dby
Luz,8,dby
Mareshah,8,dby
Mattithiah,8,dby
Menahem,8,dby
Meribah,8,dby
Mighty,8,dby
Mishael,8,dby
Molech,8,dby
Mushi,8,dby
Nehemiah,8,dby
Netophathite,8,dby
Oholibamah,8,dby
Onan,8,dby
Ophrah,8,dby
Pashur,8,dby
Pedaiah,8,dby
Perhaps,8,dby
Philistia,8,dby
Pisgah,8,dby
Ramoth,8,dby
Rehum,8,dby
Rome,8,dby
Shammah,8,dby
Shaphat,8,dby
Sherebiah,8,dby
Shinar,8,dby
Shout,8,dby
Shunammite,8,dby
Sidonians,8,dby
Syrian,8,dby
Tubal,8,dby
Two,8,dby
Uri,8,dby
Uz,8,dby
Watch,8,dby
Woman,8,dby
Zabad,8,dby
Zibeon,8,dby
Zorah,8,dby
abounding,8,dby
abyss,8,dby
acceptance,8,dby
adorned,8,dby
affairs,8,dby
alienated,8,dby
almonds,8,dby
annul,8,dby
arrogance,8,dby
asks,8,dby
assigned,8,dby
attended,8,dby
attentive,8,dby
authorities,8,dby
awaiting,8,dby
axe,8,dby
baldness,8,dby
beating,8,dby
beset,8,dby
blesseth,8,dby
blossom,8,dby
books,8,dby
booty,8,dby
bounds,8,dby
bracelets,8,dby
brook,8,dby
brotherly,8,dby
bud,8,dby
bulwarks,8,dby
burial,8,dby
carved,8,dby
cauldron,8,dby
cheweth,8,dby
chronicler,8,dby
chrysolite,8,dby
coat,8,dby
colours,8,dby
columns,8,dby
commits,8,dby
concealed,8,dby
connectingrods,8,dby
consolation,8,dby
contentions,8,dby
contentious,8,dby
couple,8,dby
covert,8,dby
cupbearers,8,dby
cutteth,8,dby
darnel,8,dby
defend,8,dby
depth,8,dby
desires,8,dby
desiring,8,dby
destroyer,8,dby
deviseth,8,dby
devoureth,8,dby
dim,8,dby
dipped,8,dby
direction,8,dby
discipline,8,dby
discretion,8,dby
dissolved,8,dby
draweth,8,dby
drawing,8,dby
dread,8,dby
dross,8,dby
dwellingplaces,8,dby
eldest,8,dby
embrace,8,dby
enriched,8,dby
entice,8,dby
enticed,8,dby
entreated,8,dby
estate,8,dby
expire,8,dby
falls,8,dby
familiar,8,dby
fasten,8,dby
feeding,8,dby
feel,8,dby
fellowbondman,8,dby
fifties,8,dby
finish,8,dby
flames,8,dby
fleece,8,dby
fleeth,8,dby
foolishly,8,dby
footsteps,8,dby
forgot,8,dby
fortresses,8,dby
fowls,8,dby
freedom,8,dby
gallows,8,dby
gotten,8,dby
grieve,8,dby
handful,8,dby
handle,8,dby
hasteth,8,dby
hearkeneth,8,dby
helmet,8,dby
hideth,8,dby
highest,8,dby
highways,8,dby
hissing,8,dby
honeycomb,8,dby
hungered,8,dby
imitators,8,dby
impossible,8,dby
incurable,8,dby
infants,8,dby
inferior,8,dby
infirm,8,dby
injured,8,dby
instrument,8,dby
journeys,8,dby
labouring,8,dby
laden,8,dby
learning,8,dby
levy,8,dby
liest,8,dby
lifteth,8,dby
lighten,8,dby
lilies,8,dby
longed,8,dby
malice,8,dby
meditation,8,dby
melteth,8,dby
millstone,8,dby
minds,8,dby
miracles,8,dby
mislead,8,dby
namely,8,dby
narrow,8,dby
nets,8,dby
oaks,8,dby
observed,8,dby
odious,8,dby
offend,8,dby
officer,8,dby
outward,8,dby
panels,8,dby
partakers,8,dby
passersby,8,dby
pavement,8,dby
perfection,8,dby
perils,8,dby
persecution,8,dby
pierced,8,dby
point,8,dby
pomegranate,8,dby
pouring,8,dby
praetorium,8,dby
praises,8,dby
precept,8,dby
pretext,8,dby
principal,8,dby
produces,8,dby
prophesying,8,dby
prophetess,8,dby
provided,8,dby
pulled,8,dby
questions,8,dby
rained,8,dby
raiseth,8,dby
rank,8,dby
ravished,8,dby
razor,8,dby
recompensed,8,dby
reconciled,8,dby
region,8,dby
reigneth,8,dby
relation,8,dby
renew,8,dby
reproacheth,8,dby
reproved,8,dby
rescue,8,dby
resist,8,dby
restingplace,8,dby
returning,8,dby
revoke,8,dby
righteously,8,dby
rightly,8,dby
robbed,8,dby
robbery,8,dby
rubies,8,dby
ruins,8,dby
rush,8,dby
rushing,8,dby
salutes,8,dby
sanctify,8,dby
sanctuaries,8,dby
sayings,8,dby
securely,8,dby
sense,8,dby
shade,8,dby
shaking,8,dby
sheath,8,dby
shoots,8,dby
show,8,dby
sixtytwo,8,dby
soever,8,dby
sojourning,8,dby
sorrowful,8,dby
sower,8,dby
sows,8,dby
sport,8,dby
sprung,8,dby
stink,8,dby
stock,8,dby
stocks,8,dby
stop,8,dby
storehouses,8,dby
strip,8,dby
suffice,8,dby
supposed,8,dby
tambour,8,dby
tambours,8,dby
terrify,8,dby
thieves,8,dby
tied,8,dby
towerhouse,8,dby
traffic,8,dby
treadeth,8,dby
treading,8,dby
treasury,8,dby
twilight,8,dby
understandeth,8,dby
venison,8,dby
vexed,8,dby
vipers,8,dby
waiting,8,dby
ward,8,dby
warn,8,dby
whenever,8,dby
wheresoever,8,dby
wherever,8,dby
wifes,8,dby
wither,8,dby
withheld,8,dby
withholden,8,dby
womans,8,dby
woven,8,dby
wreathen,8,dby
wretched,8,dby
yesterday,8,dby
Achbor,7,dby
Ahinoam,7,dby
Among,7,dby
Answer,7,dby
Arioch,7,dby
Azekah,7,dby
Basmath,7,dby
Beelzebub,7,dby
Bethsaida,7,dby
Binnui,7,dby
Chaldea,7,dby
Cry,7,dby
Delaiah,7,dby
Delilah,7,dby
Dinah,7,dby
Dishon,7,dby
Dor,7,dby
Eat,7,dby
Edomite,7,dby
Elnathan,7,dby
Elon,7,dby
Enosh,7,dby
Eshtaol,7,dby
Gamaliel,7,dby
Gedor,7,dby
Geshurites,7,dby
Good,7,dby
Havilah,7,dby
House,7,dby
Jabbok,7,dby
Jabin,7,dby
Jared,7,dby
Jarmuth,7,dby
Javan,7,dby
Jeconiah,7,dby
Jerimoth,7,dby
Jishijah,7,dby
Jizhar,7,dby
KirjathArba,7,dby
Korahites,7,dby
Laadan,7,dby
Laish,7,dby
Mahalaleel,7,dby
Maon,7,dby
Media,7,dby
Meraioth,7,dby
Mesopotamia,7,dby
Millo,7,dby
Mount,7,dby
Noph,7,dby
Oreb,7,dby
Othniel,7,dby
Pass,7,dby
Peleg,7,dby
Pelethites,7,dby
Penuel,7,dby
Phut,7,dby
Preacher,7,dby
Python,7,dby
Ram,7,dby
Restore,7,dby
Romans,7,dby
Samaritans,7,dby
Shebaniah,7,dby
Shebna,7,dby
Shechaniah,7,dby
Shishak,7,dby
Stephen,7,dby
Taanach,7,dby
Teach,7,dby
Urim,7,dby
Yes,7,dby
You,7,dby
Zeboim,7,dby
Zilpah,7,dby
Zippor,7,dby
Zoan,7,dby
administration,7,dby
admonish,7,dby
adulterers,7,dby
agreed,7,dby
alien,7,dby
allotted,7,dby
ancients,7,dby
animals,7,dby
anothers,7,dby
answers,7,dby
approved,7,dby
ardent,7,dby
assured,7,dby
attention,7,dby
aught,7,dby
baked,7,dby
bakers,7,dby
banks,7,dby
bar,7,dby
beams,7,dby
behalf,7,dby
bereave,7,dby
beseeching,7,dby
bestowed,7,dby
blotted,7,dby
boiled,7,dby
bountifully,7,dby
bricks,7,dby
bridle,7,dby
builded,7,dby
buildeth,7,dby
bulls,7,dby
calm,7,dby
cankerworm,7,dby
carpenters,7,dby
casteth,7,dby
casts,7,dby
chastised,7,dby
chastisement,7,dby
cheek,7,dby
circuit,7,dby
circumcise,7,dby
clods,7,dby
coats,7,dby
complaint,7,dby
confident,7,dby
conflict,7,dby
consuming,7,dby
converted,7,dby
copulation,7,dby
cord,7,dby
cornerstone,7,dby
counselled,7,dby
coupled,7,dby
create,7,dby
crow,7,dby
cypress,7,dby
dancing,7,dby
dare,7,dby
dealeth,7,dby
deceitfully,7,dby
declareth,7,dby
denarii,7,dby
dens,7,dby
departeth,7,dby
deposit,7,dby
deserts,7,dby
desolated,7,dby
device,7,dby
difficulty,7,dby
diminished,7,dby
direct,7,dby
discourse,7,dby
discreet,7,dby
dispersed,7,dby
distresses,7,dby
distributed,7,dby
districts,7,dby
divorce,7,dby
dough,7,dby
drunkard,7,dby
earrings,7,dby
earthly,7,dby
easier,7,dby
eggs,7,dby
enlightened,7,dby
enters,7,dby
excess,7,dby
exchange,7,dby
exhausted,7,dby
expressed,7,dby
fadeth,7,dby
fainted,7,dby
fashion,7,dby
feathers,7,dby
feedeth,7,dby
fenced,7,dby
fiftyfour,7,dby
figure,7,dby
fishers,7,dby
fleeing,7,dby
fleshly,7,dby
followeth,7,dby
foreigner,7,dby
fornicators,7,dby
future,7,dby
genealogical,7,dby
girls,7,dby
gnashing,7,dby
guarded,7,dby
heel,7,dby
hereafter,7,dby
hew,7,dby
hewed,7,dby
hewers,7,dby
hinds,7,dby
hole,7,dby
holies,7,dby
hollow,7,dby
housetops,7,dby
howling,7,dby
human,7,dby
imagine,7,dby
incorruptible,7,dby
infamy,7,dby
injurious,7,dby
inquiry,7,dby
interpret,7,dby
invite,7,dby
jasper,7,dby
jaws,7,dby
knee,7,dby
knife,7,dby
knives,7,dby
lace,7,dby
lacked,7,dby
languages,7,dby
laugheth,7,dby
laughter,7,dby
lawgiver,7,dby
lawless,7,dby
leaned,7,dby
leaped,7,dby
lent,7,dby
liars,7,dby
loathe,7,dby
lowest,7,dby
madest,7,dby
magicians,7,dby
maker,7,dby
mankind,7,dby
markets,7,dby
masons,7,dby
measuringreed,7,dby
midday,7,dby
mightily,7,dby
missed,7,dby
murder,7,dby
murderers,7,dby
nativity,7,dby
numerous,7,dby
obscurity,7,dby
offereth,7,dby
ostriches,7,dby
outcasts,7,dby
palate,7,dby
perplexity,7,dby
persuade,7,dby
pitch,7,dby
pits,7,dby
plaster,7,dby
playing,7,dby
pleasures,7,dby
plundered,7,dby
post,7,dby
powerless,7,dby
powers,7,dby
practised,7,dby
presenteth,7,dby
proof,7,dby
prophesies,7,dby
proving,7,dby
punished,7,dby
purchased,7,dby
pursuing,7,dby
pursuit,7,dby
push,7,dby
question,7,dby
quit,7,dby
quite,7,dby
quiver,7,dby
rate,7,dby
raw,7,dby
reapers,7,dby
receptacles,7,dby
refined,7,dby
refuseth,7,dby
renewed,7,dby
repay,7,dby
reproaches,7,dby
requested,7,dby
retain,7,dby
rewards,7,dby
ringstraked,7,dby
roughly,7,dby
ruined,7,dby
rust,7,dby
sadness,7,dby
saluted,7,dby
savour,7,dby
scattereth,7,dby
searching,7,dby
seashore,7,dby
seekest,7,dby
serves,7,dby
seventytwo,7,dby
shaft,7,dby
sharpened,7,dby
sigh,7,dby
silverpieces,7,dby
simplicity,7,dby
smites,7,dby
soles,7,dby
somewhat,7,dby
span,7,dby
splendid,7,dby
split,7,dby
sprout,7,dby
stairs,7,dby
stamped,7,dby
state,7,dby
statues,7,dby
stiffnecked,7,dby
stirreth,7,dby
stuff,7,dby
sudden,7,dby
summoned,7,dby
supplicate,7,dby
supply,7,dby
surpassing,7,dby
surrounding,7,dby
sustain,7,dby
swarm,7,dby
sweareth,7,dby
targets,7,dby
taxgatherer,7,dby
tempting,7,dby
tetrarch,7,dby
thereto,7,dby
thirtythree,7,dby
thresholds,7,dby
throw,7,dby
thumb,7,dby
toe,7,dby
tormented,7,dby
trade,7,dby
treated,7,dby
tribulations,7,dby
trusteth,7,dby
tumultuous,7,dby
twentynine,7,dby
unbelievers,7,dby
uncles,7,dby
vex,7,dby
waiteth,7,dby
walkest,7,dby
wandering,7,dby
warning,7,dby
warred,7,dby
wear,7,dby
winged,7,dby
wisehearted,7,dby
wiser,7,dby
witnessed,7,dby
wolves,7,dby
workman,7,dby
wrongfully,7,dby
+god,6,dby
Abib,6,dby
Abiezer,6,dby
Abihail,6,dby
Absaloms,6,dby
Achan,6,dby
Ahiezer,6,dby
Ahio,6,dby
Alexander,6,dby
Ammiel,6,dby
Aquila,6,dby
Ar,6,dby
Arabians,6,dby
Ariel,6,dby
Arpad,6,dby
Away,6,dby
Azareel,6,dby
Azel,6,dby
Azrikam,6,dby
BaalPeor,6,dby
Bebai,6,dby
Bethshean,6,dby
Bigvai,6,dby
Caesars,6,dby
Carry,6,dby
Cephas,6,dby
Child,6,dby
Chittim,6,dby
Conspiracy,6,dby
Corinth,6,dby
Doeg,6,dby
Ebed,6,dby
Ebedmelech,6,dby
Eliasaph,6,dby
Elim,6,dby
Engedi,6,dby
Eshcol,6,dby
Eziongeber,6,dby
Gentiles,6,dby
Gibbethon,6,dby
Gibeonites,6,dby
Gihon,6,dby
Glory,6,dby
Goliath,6,dby
Gomer,6,dby
Hail,6,dby
Hazeroth,6,dby
Hebronites,6,dby
Herodias,6,dby
Hide,6,dby
Hodijah,6,dby
Horites,6,dby
Iconium,6,dby
Ira,6,dby
Ishmaelites,6,dby
Jael,6,dby
Jahaziel,6,dby
Jamin,6,dby
Jediael,6,dby
Jeremoth,6,dby
Joktan,6,dby
Kenite,6,dby
Kirjathaim,6,dby
Kishon,6,dby
Knowest,6,dby
Laodicea,6,dby
Likewise,6,dby
Lystra,6,dby
Machpelah,6,dby
Malluch,6,dby
May,6,dby
Meremoth,6,dby
Methushelah,6,dby
Michtam,6,dby
Migdol,6,dby
Moabitess,6,dby
Naioth,6,dby
Nathanael,6,dby
Nazarite,6,dby
Nob,6,dby
Noe,6,dby
Nothing,6,dby
Oholibah,6,dby
PahathMoab,6,dby
Parosh,6,dby
Pashhur,6,dby
Repent,6,dby
Righteousness,6,dby
Roman,6,dby
Same,6,dby
Seest,6,dby
Sepharvaim,6,dby
Shammai,6,dby
Sharon,6,dby
Shema,6,dby
Shimea,6,dby
Shur,6,dby
Sin,6,dby
Tahath,6,dby
Talmai,6,dby
Tappuah,6,dby
Tekoa,6,dby
Temanite,6,dby
Thessalonica,6,dby
Think,6,dby
Through,6,dby
Timna,6,dby
Tishbite,6,dby
Tola,6,dby
Troas,6,dby
Valley,6,dby
Were,6,dby
Withdraw,6,dby
Word,6,dby
Zabdi,6,dby
Zarhites,6,dby
Zebul,6,dby
Zeeb,6,dby
abhorred,6,dby
accusers,6,dby
acknowledged,6,dby
addressed,6,dby
advantage,6,dby
agree,6,dby
almost,6,dby
amid,6,dby
arrayed,6,dby
assurance,6,dby
attack,6,dby
avenging,6,dby
await,6,dby
bade,6,dby
bake,6,dby
baken,6,dby
baptising,6,dby
bath,6,dby
begging,6,dby
beheaded,6,dby
belonging,6,dby
bemoan,6,dby
bid,6,dby
bite,6,dby
blasphemy,6,dby
blindness,6,dby
blown,6,dby
bodily,6,dby
bribe,6,dby
bringest,6,dby
bruise,6,dby
buffalo,6,dby
bundle,6,dby
candlesticks,6,dby
careless,6,dby
carrieth,6,dby
caterpillar,6,dby
causes,6,dby
ceaseth,6,dby
cedartrees,6,dby
chastened,6,dby
chastening,6,dby
chest,6,dby
choked,6,dby
clap,6,dby
clefts,6,dby
coasts,6,dby
collected,6,dby
comforter,6,dby
commanding,6,dby
commands,6,dby
commend,6,dby
compel,6,dby
completion,6,dby
concern,6,dby
conducted,6,dby
confessing,6,dby
constituted,6,dby
consumption,6,dby
contain,6,dby
cool,6,dby
corruptible,6,dby
courses,6,dby
crowned,6,dby
crowns,6,dby
curses,6,dby
dances,6,dby
darics,6,dby
dealers,6,dby
debt,6,dby
debtor,6,dby
debtors,6,dby
decked,6,dby
deeply,6,dby
deeps,6,dby
defied,6,dby
deserted,6,dby
destitute,6,dby
detestable,6,dby
dies,6,dby
disaster,6,dby
discomfited,6,dby
dishes,6,dby
disobedience,6,dby
disorderly,6,dby
disquieted,6,dby
distance,6,dby
distribute,6,dby
diviners,6,dby
doer,6,dby
draws,6,dby
dreamt,6,dby
drinketh,6,dby
dunghill,6,dby
earnest,6,dby
eastern,6,dby
edification,6,dby
election,6,dby
embraced,6,dby
embroidered,6,dby
embroidery,6,dby
enchantments,6,dby
engage,6,dby
entreat,6,dby
erred,6,dby
escapeth,6,dby
esteem,6,dby
exact,6,dby
examine,6,dby
example,6,dby
exhortation,6,dby
exhorted,6,dby
exist,6,dby
fan,6,dby
fears,6,dby
fence,6,dby
fidelity,6,dby
filthy,6,dby
firstlings,6,dby
fitted,6,dby
flanks,6,dby
flash,6,dby
flieth,6,dby
flowed,6,dby
forced,6,dby
foreheads,6,dby
foreigners,6,dby
forks,6,dby
formeth,6,dby
forsaketh,6,dby
fortyone,6,dby
fugitives,6,dby
furious,6,dby
garrisons,6,dby
girdles,6,dby
gladly,6,dby
glass,6,dby
globes,6,dby
glorifying,6,dby
gnats,6,dby
gospel,6,dby
government,6,dby
grating,6,dby
guests,6,dby
hailstones,6,dby
hairy,6,dby
handbaskets,6,dby
hastily,6,dby
hasty,6,dby
haughtiness,6,dby
hearth,6,dby
helamb,6,dby
hidest,6,dby
hoary,6,dby
holdest,6,dby
housetop,6,dby
humility,6,dby
hundredfold,6,dby
husbandman,6,dby
ignominy,6,dby
imposed,6,dby
inasmuch,6,dby
incorruptibility,6,dby
infirmities,6,dby
inflammation,6,dby
inscribed,6,dby
intreat,6,dby
intreated,6,dby
key,6,dby
kinsman,6,dby
knobs,6,dby
late,6,dby
lavers,6,dby
leadeth,6,dby
lepers,6,dby
lovest,6,dby
magnificence,6,dby
mandrakes,6,dby
marble,6,dby
marched,6,dby
margin,6,dby
marked,6,dby
marvellously,6,dby
mediator,6,dby
member,6,dby
mentioned,6,dby
midwives,6,dby
minas,6,dby
ministration,6,dby
misery,6,dby
mocking,6,dby
mote,6,dby
mound,6,dby
move,6,dby
mud,6,dby
necessity,6,dby
needful,6,dby
olivetrees,6,dby
opposed,6,dby
oracles,6,dby
overthroweth,6,dby
paid,6,dby
pains,6,dby
palmtree,6,dby
passes,6,dby
passions,6,dby
peaceably,6,dby
pearls,6,dby
perversely,6,dby
physicians,6,dby
polls,6,dby
preserveth,6,dby
pressing,6,dby
proudly,6,dby
proverbs,6,dby
public,6,dby
publicly,6,dby
purchase,6,dby
quaked,6,dby
quarter,6,dby
quickened,6,dby
raid,6,dby
raisincakes,6,dby
raven,6,dby
readiness,6,dby
reared,6,dby
recesses,6,dby
refrain,6,dby
relating,6,dby
reliest,6,dby
renown,6,dby
requited,6,dby
restraint,6,dby
revealeth,6,dby
revenue,6,dby
reviled,6,dby
richly,6,dby
rider,6,dby
rideth,6,dby
robber,6,dby
sacrificeth,6,dby
salutation,6,dby
sandalwood,6,dby
saviour,6,dby
savoury,6,dby
scab,6,dby
scorn,6,dby
scorners,6,dby
scrip,6,dby
sect,6,dby
seeds,6,dby
seers,6,dby
servitude,6,dby
settest,6,dby
settings,6,dby
seventeenth,6,dby
several,6,dby
shaped,6,dby
share,6,dby
shattered,6,dby
sheepfolds,6,dby
shews,6,dby
signet,6,dby
sinning,6,dby
sixtysix,6,dby
slaying,6,dby
sling,6,dby
slopes,6,dby
softly,6,dby
soldier,6,dby
sorcerers,6,dby
sores,6,dby
soweth,6,dby
spareth,6,dby
spoiler,6,dby
spoils,6,dby
spots,6,dby
spouse,6,dby
sprang,6,dby
standest,6,dby
stole,6,dby
stooped,6,dby
stormy,6,dby
story,6,dby
stretcheth,6,dby
stretching,6,dby
strewed,6,dby
stumbleth,6,dby
suckling,6,dby
suppose,6,dby
supposing,6,dby
surface,6,dby
surround,6,dby
swearing,6,dby
swears,6,dby
swelling,6,dby
swifter,6,dby
swim,6,dby
temples,6,dby
tendeth,6,dby
tenons,6,dby
testifying,6,dby
thinkest,6,dby
thirtysix,6,dby
thorn,6,dby
thread,6,dby
throat,6,dby
toes,6,dby
trampled,6,dby
travaileth,6,dby
twentyone,6,dby
twentyseventh,6,dby
twins,6,dby
twoedged,6,dby
undefiled,6,dby
underneath,6,dby
unfeigned,6,dby
unfruitful,6,dby
unseemly,6,dby
uphold,6,dby
uprightly,6,dby
using,6,dby
valiantly,6,dby
vests,6,dby
vigour,6,dby
visiting,6,dby
waterbrooks,6,dby
waved,6,dby
wax,6,dby
weapon,6,dby
weigh,6,dby
weights,6,dby
westwards,6,dby
wipe,6,dby
withereth,6,dby
wolf,6,dby
worms,6,dby
wrestled,6,dby
Abarim,5,dby
Abidan,5,dby
Abijam,5,dby
Abishag,5,dby
Abishua,5,dby
Achor,5,dby
Achsah,5,dby
Admah,5,dby
Agagite,5,dby
Ahilud,5,dby
Ahira,5,dby
Ahohite,5,dby
Aholiab,5,dby
Ain,5,dby
Alphaeus,5,dby
Amasai,5,dby
Ammishaddai,5,dby
Answerest,5,dby
Arad,5,dby
Archite,5,dby
Argob,5,dby
Aristarchus,5,dby
Artemis,5,dby
Assemble,5,dby
Assir,5,dby
Ater,5,dby
Baalah,5,dby
Baalhanan,5,dby
Bahurim,5,dby
Becher,5,dby
Beeroth,5,dby
Believe,5,dby
Bezer,5,dby
Bildad,5,dby
Blow,5,dby
Build,5,dby
Bukki,5,dby
Carmelite,5,dby
Chedorlaomer,5,dby
Chenaanah,5,dby
Confide,5,dby
Creator,5,dby
Crete,5,dby
Cyprus,5,dby
Dishan,5,dby
Dodo,5,dby
Elath,5,dby
Elizur,5,dby
Enan,5,dby
Enter,5,dby
Ephah,5,dby
Ephraims,5,dby
Ephratah,5,dby
Ephrath,5,dby
Eshtemoa,5,dby
Etam,5,dby
Feed,5,dby
Fill,5,dby
Fools,5,dby
Gaius,5,dby
Galatia,5,dby
Gaza,5,dby
Gemariah,5,dby
Gideoni,5,dby
Girgashites,5,dby
Gozan,5,dby
Greece,5,dby
Haggith,5,dby
Hammedatha,5,dby
Hashum,5,dby
Haste,5,dby
Hattush,5,dby
Helez,5,dby
Helon,5,dby
Hew,5,dby
Hold,5,dby
Hophni,5,dby
Hosah,5,dby
Hosanna,5,dby
Hosea,5,dby
Hushathite,5,dby
Indeed,5,dby
Inquire,5,dby
Jabeshgilead,5,dby
Jahaz,5,dby
Japhia,5,dby
Jason,5,dby
Jehohanan,5,dby
Jishi,5,dby
Jizreelitess,5,dby
Joiarib,5,dby
Joses,5,dby
Jozadak,5,dby
Judahs,5,dby
Kibrothhattaavah,5,dby
Kir,5,dby
Koz,5,dby
Leahs,5,dby
Libni,5,dby
Lotan,5,dby
Lud,5,dby
Maacah,5,dby
Maachathites,5,dby
Magog,5,dby
Mahlah,5,dby
Malchishua,5,dby
Marah,5,dby
Massah,5,dby
Matthew,5,dby
Medeba,5,dby
Moza,5,dby
Naamah,5,dby
Nabals,5,dby
Nahath,5,dby
Nebaioth,5,dby
Nicodemus,5,dby
Nimshi,5,dby
Ocran,5,dby
Oholah,5,dby
Ono,5,dby
Ophel,5,dby
Others,5,dby
Pagiel,5,dby
Pamphylia,5,dby
Pathros,5,dby
Pedahzur,5,dby
Pelatiah,5,dby
Peor,5,dby
Perizzite,5,dby
Persians,5,dby
Pirathonite,5,dby
Pour,5,dby
Prayer,5,dby
Puah,5,dby
Purim,5,dby
Rachels,5,dby
Rameses,5,dby
Rapha,5,dby
Receive,5,dby
Rehabiah,5,dby
Rekem,5,dby
Rephaiah,5,dby
Rephidim,5,dby
Reu,5,dby
Salmon,5,dby
Salvation,5,dby
Samaritan,5,dby
Saying,5,dby
Serug,5,dby
Shammua,5,dby
Shedeur,5,dby
Shelumiel,5,dby
Shemer,5,dby
Sheshan,5,dby
Shilonite,5,dby
Shimron,5,dby
Shittim,5,dby
Shuhite,5,dby
Sibmah,5,dby
Slay,5,dby
Sochoh,5,dby
Sons,5,dby
Stay,5,dby
Strive,5,dby
Such,5,dby
Swear,5,dby
Tahpanhes,5,dby
Talmon,5,dby
Tarsus,5,dby
Tema,5,dby
Thummim,5,dby
Tirshatha,5,dby
Tychicus,5,dby
Up,5,dby
Ur,5,dby
Walk,5,dby
Wash,5,dby
Wherewith,5,dby
Zanoah,5,dby
Zerahiah,5,dby
Zohar,5,dby
Zuar,5,dby
Zur,5,dby
Zurishaddai,5,dby
abandoned,5,dby
abated,5,dby
abhorreth,5,dby
abstain,5,dby
accurately,5,dby
acquaintance,5,dby
acquire,5,dby
adulteries,5,dby
adulterous,5,dby
adverse,5,dby
affection,5,dby
aforetime,5,dby
agreement,5,dby
aileth,5,dby
alabaster,5,dby
allotment,5,dby
ambassadors,5,dby
amidst,5,dby
angle,5,dby
answerest,5,dby
anxiety,5,dby
anxious,5,dby
apple,5,dby
approached,5,dby
apt,5,dby
ariseth,5,dby
arising,5,dby
astonied,5,dby
babe,5,dby
badness,5,dby
baker,5,dby
becoming,5,dby
bedchamber,5,dby
beholdeth,5,dby
beholds,5,dby
below,5,dby
binding,5,dby
blaspheme,5,dby
blast,5,dby
blinded,5,dby
blowing,5,dby
boat,5,dby
boils,5,dby
bondwoman,5,dby
borrow,5,dby
boys,5,dby
breathed,5,dby
brick,5,dby
buildest,5,dby
bull,5,dby
bush,5,dby
byword,5,dby
carefully,5,dby
census,5,dby
changes,5,dby
chase,5,dby
cheeks,5,dby
cistern,5,dby
cleanness,5,dby
clearly,5,dby
comeliness,5,dby
comforters,5,dby
commandeth,5,dby
committeth,5,dby
committing,5,dby
communion,5,dby
compare,5,dby
concerns,5,dby
condemnation,5,dby
confessed,5,dby
considereth,5,dby
considering,5,dby
consolingly,5,dby
conspicuous,5,dby
consternation,5,dby
consumeth,5,dby
content,5,dby
contrite,5,dby
control,5,dby
convocations,5,dby
cook,5,dby
cornet,5,dby
correct,5,dby
cost,5,dby
couches,5,dby
cow,5,dby
crafty,5,dby
crawleth,5,dby
creepeth,5,dby
crew,5,dby
crimson,5,dby
cringing,5,dby
crossed,5,dby
cupbearer,5,dby
cure,5,dby
cured,5,dby
curseth,5,dby
cypresses,5,dby
dam,5,dby
damage,5,dby
danced,5,dby
dash,5,dby
dashed,5,dby
daughtersinlaw,5,dby
debauchery,5,dby
decline,5,dby
declined,5,dby
descent,5,dby
destroyest,5,dby
devote,5,dby
diadem,5,dby
difficult,5,dby
dignity,5,dby
discerned,5,dby
disguised,5,dby
displeased,5,dby
displeasure,5,dby
disposed,5,dby
disturbed,5,dby
ditch,5,dby
dividing,5,dby
divinely,5,dby
doctors,5,dby
dowry,5,dby
dreadful,5,dby
dropped,5,dby
drunkards,5,dby
eater,5,dby
elements,5,dby
emerald,5,dby
enclosed,5,dby
encompasseth,5,dby
encountered,5,dby
engrave,5,dby
engraved,5,dby
envied,5,dby
establisheth,5,dby
evildoer,5,dby
examined,5,dby
executeth,5,dby
expressly,5,dby
extended,5,dby
fables,5,dby
fashioned,5,dby
fastings,5,dby
fearest,5,dby
fellowworkman,5,dby
fellowworkmen,5,dby
fiftythree,5,dby
fig,5,dby
figtrees,5,dby
filling,5,dby
fins,5,dby
fix,5,dby
flattereth,5,dby
flattering,5,dby
flint,5,dby
fords,5,dby
forgave,5,dby
forgiving,5,dby
fortyfour,5,dby
fragrance,5,dby
froward,5,dby
fuel,5,dby
fugitive,5,dby
furbished,5,dby
furrows,5,dby
gazelles,5,dby
gentle,5,dby
gently,5,dby
gerahs,5,dby
gleaned,5,dby
gleaning,5,dby
glowing,5,dby
goblets,5,dby
gore,5,dby
gourd,5,dby
grafted,5,dby
granaries,5,dby
greedy,5,dby
greet,5,dby
grind,5,dby
grope,5,dby
groweth,5,dby
growing,5,dby
gushed,5,dby
hammer,5,dby
handfuls,5,dby
handled,5,dby
happeneth,5,dby
happens,5,dby
harder,5,dby
healeth,5,dby
heaped,5,dby
hearkening,5,dby
heavenlies,5,dby
heavily,5,dby
hedge,5,dby
hem,5,dby
hemorrhoids,5,dby
hindmost,5,dby
hung,5,dby
hypocrisy,5,dby
idolaters,5,dby
idolatry,5,dby
ignorance,5,dby
imagination,5,dby
imaginations,5,dby
impiety,5,dby
impose,5,dby
impurity,5,dby
inherited,5,dby
inn,5,dby
innumerable,5,dby
insulted,5,dby
intent,5,dby
intercession,5,dby
invisible,5,dby
irreproachable,5,dby
islands,5,dby
jars,5,dby
judgeth,5,dby
keepest,5,dby
killing,5,dby
kisses,5,dby
kneeling,5,dby
landmark,5,dby
lattice,5,dby
lays,5,dby
leanness,5,dby
leaveth,5,dby
leopard,5,dby
leviathan,5,dby
lick,5,dby
lifeguard,5,dby
lighted,5,dby
listening,5,dby
lit,5,dby
lizard,5,dby
log,5,dby
lookest,5,dby
looks,5,dby
lordship,5,dby
lovely,5,dby
lump,5,dby
maidservants,5,dby
mail,5,dby
marketplaces,5,dby
marries,5,dby
mass,5,dby
measuring,5,dby
meats,5,dby
memory,5,dby
merchant,5,dby
mete,5,dby
mildew,5,dby
mockers,5,dby
mocketh,5,dby
moneychangers,5,dby
morn,5,dby
moveth,5,dby
mustard,5,dby
mustered,5,dby
mysteries,5,dby
needed,5,dby
occupation,5,dby
oft,5,dby
oh,5,dby
omer,5,dby
opinion,5,dby
oppresseth,5,dby
ostrich,5,dby
outstretched,5,dby
overcame,5,dby
palm,5,dby
party,5,dby
passage,5,dby
pelican,5,dby
perisheth,5,dby
perishing,5,dby
permitted,5,dby
perpetually,5,dby
persecutest,5,dby
persecutions,5,dby
persecutors,5,dby
pertained,5,dby
perverteth,5,dby
physician,5,dby
pine,5,dby
pipes,5,dby
plainly,5,dby
plants,5,dby
plate,5,dby
plates,5,dby
pleaseth,5,dby
ploughing,5,dby
pole,5,dby
praetors,5,dby
prayeth,5,dby
presidents,5,dby
presumptuously,5,dby
principalities,5,dby
prisons,5,dby
privately,5,dby
prize,5,dby
profaning,5,dby
prosperous,5,dby
provender,5,dby
prudence,5,dby
psaltery,5,dby
published,5,dby
pull,5,dby
purity,5,dby
questioned,5,dby
quickens,5,dby
ravaged,5,dby
ravens,5,dby
rearguard,5,dby
reasonings,5,dby
receiveth,5,dby
recognise,5,dby
redeemer,5,dby
regions,5,dby
rejects,5,dby
relief,5,dby
reproveth,5,dby
returneth,5,dby
revived,5,dby
revolt,5,dby
righteousnesses,5,dby
rinsed,5,dby
ripe,5,dby
rises,5,dby
roast,5,dby
roasted,5,dby
rocky,5,dby
rottenness,5,dby
salted,5,dby
sanctification,5,dby
satisfaction,5,dby
scourged,5,dby
seals,5,dby
seats,5,dby
security,5,dby
sedition,5,dby
selleth,5,dby
sendest,5,dby
separateth,5,dby
serveth,5,dby
severe,5,dby
sheasses,5,dby
shelter,5,dby
shines,5,dby
shod,5,dby
shortened,5,dby
shortly,5,dby
shutteth,5,dby
sixtyfive,5,dby
skilled,5,dby
skull,5,dby
sky,5,dby
slip,5,dby
smallest,5,dby
smoking,5,dby
snared,5,dby
sodomites,5,dby
soft,5,dby
solemnities,5,dby
solitary,5,dby
sorely,5,dby
sounding,5,dby
soundness,5,dby
speeches,5,dby
spoilers,5,dby
springing,5,dby
stadia,5,dby
stalls,5,dby
stedfastly,5,dby
storecities,5,dby
stork,5,dby
straitness,5,dby
straits,5,dby
strifes,5,dby
striketh,5,dby
strove,5,dby
suit,5,dby
sunimages,5,dby
superintendents,5,dby
swalloweth,5,dby
swept,5,dby
tablet,5,dby
tails,5,dby
talebearer,5,dby
tall,5,dby
target,5,dby
taskmasters,5,dby
teaches,5,dby
telling,5,dby
tens,5,dby
terebinths,5,dby
test,5,dby
thankful,5,dby
thenceforth,5,dby
thicket,5,dby
thickness,5,dby
thistles,5,dby
tokens,5,dby
tolerable,5,dby
topaz,5,dby
tore,5,dby
torrents,5,dby
tossed,5,dby
trained,5,dby
trample,5,dby
travailed,5,dby
treasurehouse,5,dby
trespasses,5,dby
triest,5,dby
troubleth,5,dby
turtledove,5,dby
twentyseven,5,dby
unable,5,dby
unceasingly,5,dby
understandest,5,dby
unprofitable,5,dby
unsearchable,5,dby
untempered,5,dby
upholdeth,5,dby
upwards,5,dby
vale,5,dby
vehement,5,dby
vinedressers,5,dby
virtue,5,dby
voluntaryofferings,5,dby
wail,5,dby
walks,5,dby
walled,5,dby
wanting,5,dby
wants,5,dby
warned,5,dby
wasting,5,dby
watergate,5,dby
weavers,5,dby
web,5,dby
wheatharvest,5,dby
widowhood,5,dby
willows,5,dby
wiped,5,dby
withal,5,dby
withhold,5,dby
withstood,5,dby
worked,5,dby
workmanship,5,dby
worthily,5,dby
yielded,5,dby
yokes,5,dby
